sample_id,cluster_id
7,2
8,2
9,2
10,2
13,2
14,2
15,2
16,2
17,2
18,1
20,2
21,2
23,2
29,2
30,2
31,2
32,2
33,2
34,2
36,2
37,1
38,2
39,2
40,2
41,2
42,2
43,2
44,2
45,1
46,1
47,2
58,2
61,0
62,1
63,2
64,2
67,2
73,2
78,2
79,0
80,2
83,2
84,1
85,2
87,2
89,2
90,1
91,2
93,2
94,2
95,1
97,2
98,2
102,2
103,2
105,2
106,1
107,2
108,2
109,2
110,2
111,2
112,1
113,2
123,2
125,2
126,2
127,2
134,1
135,2
136,1
137,2
138,2
139,2
140,2
142,2
143,2
145,2
146,2
147,2
149,1
150,2
151,2
152,1
153,2
155,1
158,0
159,2
160,2
161,0
162,2
164,2
165,2
178,0
184,2
189,2
190,0
191,1
197,2
199,2
200,2
202,2
203,2
206,2
207,2
208,2
210,2
211,2
212,2
215,2
216,2
217,2
220,2
222,0
224,2
225,2
226,2
227,2
228,2
229,2
230,1
231,0
233,2
234,2
235,0
236,2
248,1
251,2
253,2
255,0
256,2
258,2
259,2
260,2
261,2
262,2
263,1
264,2
265,2
266,2
267,2
268,2
270,2
271,1
272,0
273,2
274,2
275,2
276,0
277,0
278,1
281,2
282,1
283,2
286,2
292,2
293,2
294,2
296,2
298,0
299,2
300,2
301,2
302,2
303,1
305,2
306,2
307,2
309,2
310,2
312,2
313,2
314,2
315,2
317,2
318,2
319,2
322,2
323,2
324,2
326,0
327,2
329,2
330,2
331,2
332,1
333,2
334,2
336,1
337,2
338,2
339,2
341,2
342,1
343,2
346,2
347,0
348,2
349,2
351,0
352,2
353,2
356,2
357,1
358,2
360,2
361,1
362,2
363,0
364,2
366,0
367,2
369,2
370,2
373,2
374,2
375,2
376,1
377,2
378,2
379,2
381,2
382,2
383,2
384,0
385,0
386,2
387,2
388,1
389,2
390,1
391,2
392,2
393,1
394,2
395,2
397,2
398,2
400,1
401,2
402,2
404,2
405,2
406,2
407,2
408,2
409,2
410,0
412,0
413,2
414,0
415,2
416,2
417,2
418,2
419,1
422,2
423,0
424,0
425,2
426,0
427,2
428,2
431,2
432,1
434,2
435,2
436,1
441,2
442,2
443,1
444,2
445,2
446,2
447,2
448,2
450,2
451,1
452,2
454,1
455,2
456,2
457,0
459,1
461,0
462,0
463,0
464,0
465,1
466,2
468,0
469,1
471,2
472,1
473,1
474,0
475,2
477,1
478,0
481,2
483,2
485,2
486,2
487,2
488,1
489,2
492,0
493,2
495,2
501,2
504,2
505,2
506,0
509,0
512,2
513,2
514,0
515,2
516,0
517,2
519,2
520,1
523,1
524,1
525,2
526,1
527,1
528,0
529,2
531,1
543,2
544,2
546,2
548,1
550,0
551,1
552,2
553,1
555,0
556,1
557,1
558,2
559,0
560,2
563,2
565,1
568,2
569,2
570,2
571,2
572,2
573,2
575,2
579,2
580,2
582,2
583,0
584,0
585,2
586,1
587,2
588,2
590,2
592,0
594,2
595,2
596,2
597,2
598,2
599,0
600,1
602,2
604,2
605,2
606,2
608,0
610,2
611,1
612,0
613,0
614,2
615,0
616,2
617,1
618,1
619,1
620,1
622,2
626,2
627,2
628,2
629,1
630,2
632,2
633,2
634,2
635,2
636,0
637,0
638,2
639,2
641,2
642,2
643,2
644,2
645,2
646,2
647,2
648,0
649,2
650,1
651,2
652,2
653,2
654,2
656,2
657,2
658,2
659,0
660,2
661,2
662,1
663,2
664,2
665,0
666,1
669,2
670,2
671,2
672,2
674,2
675,2
677,2
679,2
680,0
681,2
682,0
683,2
684,2
685,2
686,2
687,2
688,2
689,2
690,0
691,2
692,1
693,2
694,2
695,1
696,2
697,2
698,2
699,2
700,1
701,0
702,2
703,2
705,1
706,1
708,1
709,2
711,2
712,1
713,0
714,0
716,1
718,0
719,2
720,1
721,1
723,2
728,2
730,2
731,2
732,2
735,2
736,2
737,2
738,2
739,2
740,2
741,2
742,2
750,1
751,2
752,2
754,2
755,0
756,1
758,2
761,0
762,2
763,2
764,2
766,1
767,1
768,1
769,0
770,2
771,2
772,2
773,1
774,0
776,2
779,1
781,2
782,2
785,0
786,2
788,2
789,2
790,0
791,1
792,2
795,2
797,2
798,1
799,2
800,2
801,1
802,1
803,1
804,2
805,2
806,2
807,1
808,1
809,2
810,2
811,0
812,0
814,0
815,1
816,1
817,1
818,2
819,1
820,1
822,1
823,2
825,1
826,0
827,2
829,2
833,0
834,2
835,2
836,2
839,1
840,0
841,0
842,2
843,2
846,1
848,2
850,1
852,2
853,2
854,1
855,1
856,1
857,2
858,2
859,2
862,0
864,2
866,1
867,0
869,0
870,0
872,0
873,2
874,2
875,0
877,2
878,1
879,1
880,2
881,2
882,2
883,1
884,0
885,2
887,1
888,1
890,0
892,0
893,2
894,2
895,2
896,1
898,2
899,2
900,1
901,0
902,0
903,1
904,0
905,2
907,1
908,2
909,2
913,2
914,0
917,0
918,2
919,1
921,2
922,2
923,2
924,2
925,2
926,0
927,0
930,1
931,1
932,0
933,0
934,2
935,2
936,2
937,2
938,2
939,1
940,1
941,0
943,0
944,0
946,2
948,0
949,0
950,1
951,2
953,2
954,0
955,2
956,1
957,0
958,1
959,0
960,1
961,0
962,2
963,2
964,0
966,2
967,0
968,2
969,1
970,2
971,0
972,2
973,0
975,0
976,0
977,1
978,0
979,0
980,2
981,0
984,2
985,0
987,1
988,0
989,0
990,0
991,1
992,0
994,0
995,1
997,1
1000,2
1001,2
1002,1
1003,0
1005,2
1006,2
1007,0
1008,2
1011,0
1014,2
1015,1
1016,0
1017,2
1018,2
1020,0
1021,0
1022,2
1024,1
1025,0
1026,0
1029,0
1030,1
1031,2
1032,1
1033,2
1034,1
1037,0
1038,0
1039,2
1040,2
1041,2
1043,2
1044,1
1045,2
1046,0
1047,1
1049,0
1051,1
1053,2
1054,2
1055,0
1057,1
1058,1
1059,0
1060,0
1062,0
1063,2
1065,1
1067,1
1068,0
1069,0
1070,1
1072,2
1075,2
1076,2
1077,2
1078,2
1079,2
1080,0
1081,2
1082,0
1083,0
1086,0
1087,0
1089,2
1090,2
1092,2
1093,2
1095,0
1096,0
1097,2
1099,0
1100,2
1101,2
1102,2
1103,2
1104,2
1105,2
1107,2
1108,2
1109,0
1110,2
1113,0
1115,2
1116,2
1117,2
1118,2
1123,2
1124,0
1125,2
1127,2
1129,2
1130,2
1132,2
1133,1
1135,2
1136,2
1137,2
1138,2
1139,2
1140,0
1141,0
1142,2
1143,0
1144,1
1145,1
1146,0
1147,0
1150,1
1151,2
1152,0
1153,0
1154,2
1155,2
1157,2
1158,0
1159,2
1161,2
1162,2
1163,2
1164,2
1165,2
1166,0
1167,0
1168,0
1169,0
1171,0
1172,1
1173,1
1175,1
1176,2
1177,2
1179,1
1182,0
1183,1
1184,0
1186,1
1187,1
1189,2
1190,2
1192,2
1193,2
1194,0
1196,1
1197,2
1198,2
1200,0
1201,0
1202,0
1203,0
1204,0
1205,0
1206,0
1207,0
1208,0
1209,1
1212,0
1213,2
1214,2
1216,2
1217,2
1218,1
1220,0
1222,0
1224,0
1226,1
1227,1
1229,0
1230,2
1231,2
1232,2
1234,1
1235,0
1236,1
1238,0
1239,0
1240,0
1241,1
1243,0
1245,0
1247,0
1248,0
1249,0
1251,0
1252,0
1253,1
1254,0
1255,0
1259,0
1261,0
1262,2
1263,1
1265,2
1266,1
1267,2
1268,2
1269,2
1270,1
1272,1
1274,2
1275,2
1276,2
1277,1
1279,0
1280,0
1281,0
1282,0
1283,0
1287,0
1290,2
1292,0
1293,1
1294,0
1296,1
1297,2
1298,1
1299,1
1300,2
1301,1
1302,2
1303,2
1304,2
1305,2
1306,0
1307,0
1308,0
1312,1
1314,0
1315,0
1316,0
1318,2
1319,2
1320,1
1321,1
1322,0
1323,2
1324,2
1325,2
1328,2
1329,0
1331,0
1333,0
1334,1
1336,1
1337,1
1338,0
1339,0
1340,0
1341,1
1342,0
1343,0
1344,0
1346,2
1347,1
1348,0
1349,1
1350,0
1351,2
1352,2
1353,2
1354,1
1355,2
1356,1
1357,0
1358,1
1359,2
1360,2
1361,2
1362,2
1363,0
1364,2
1365,0
1366,2
1369,0
1371,2
1372,0
1374,1
1375,2
1379,1
1380,2
1381,2
1382,0
1383,0
1384,1
1385,2
1386,2
1387,2
1391,2
1394,1
1395,0
1396,2
1397,2
1398,2
1400,0
1402,0
1404,0
1405,0
1406,0
1407,1
1408,2
1409,0
1410,0
1411,1
1412,0
1413,0
1414,2
1415,2
1416,1
1417,1
1418,0
1419,2
1420,2
1421,0
1423,0
1424,0
1425,0
1427,1
1428,1
1430,0
1431,0
1432,1
1435,0
1438,0
1439,1
1440,0
1443,0
1444,0
1445,1
1447,2
1449,1
1457,0
1459,0
1460,1
1461,0
1463,0
1464,1
1466,2
1467,1
1469,0
1470,1
1472,1
1473,0
1474,0
1475,2
1476,2
1477,2
1478,1
1479,2
1480,1
1481,1
1483,0
1487,1
1488,0
1489,2
1491,0
1492,0
1493,1
1495,1
1496,2
1498,1
1499,1
1500,1
1501,0
1502,0
1503,1
1505,2
1506,2
1508,2
1509,0
1510,1
1511,1
1512,2
1513,1
1516,0
1517,0
1518,2
1519,2
1521,2
1522,0
1529,0
1530,2
1532,2
1533,0
1535,0
1539,0
1541,1
1542,2
1543,1
1544,2
1546,2
1547,2
1548,2
1549,0
1550,0
1551,2
1552,1
1553,0
1554,2
1555,0
1557,0
1558,2
1559,2
1560,2
1561,0
1562,2
1563,0
1564,1
1566,1
1569,0
1571,0
1572,0
1573,2
1574,0
1576,1
1579,0
1581,2
1582,2
1583,2
1584,2
1585,0
1586,2
1587,2
1588,1
1589,1
1591,1
1592,0
1593,1
1594,1
1597,0
1598,0
1601,0
1602,0
1603,0
1604,0
1606,2
1607,2
1608,2
1609,0
1610,2
1612,0
1613,2
1614,0
1615,1
1616,0
1617,1
1619,2
1620,0
1621,2
1622,1
1624,0
1625,0
1626,0
1627,1
1628,2
1629,0
1630,2
1631,0
1632,0
1634,0
1635,0
1637,0
1639,1
1640,0
1641,1
1642,0
1643,0
1645,0
1646,1
1648,1
1649,0
1650,0
1651,0
1652,0
1654,2
1656,2
1657,2
1659,1
1660,2
1661,2
1662,2
1663,0
1666,0
1667,2
1669,1
1670,0
1673,1
1674,2
1675,1
1676,1
1677,0
1678,0
1679,2
1681,1
1682,2
1683,2
1684,1
1685,1
1686,0
1688,0
1689,2
1690,2
1691,0
1692,0
1693,1
1695,2
1696,1
1699,1
1701,1
1702,2
1704,2
1705,0
1706,0
1707,0
1708,1
1709,2
1711,1
1712,0
1714,0
1715,0
1717,2
1718,2
1719,2
1720,1
1721,1
1722,0
1725,0
1727,1
1728,0
1730,0
1731,0
1732,0
1733,0
1737,2
1739,0
1740,1
1741,1
1742,1
1744,2
1745,1
1746,1
1747,1
1748,0
1749,1
1750,0
1751,0
1753,2
1754,2
1755,2
1756,2
1757,0
1758,1
1759,0
1760,0
1761,2
1763,1
1766,1
1767,2
1768,2
1769,1
1770,2
1771,2
1773,1
1774,1
1776,0
1777,0
1778,1
1779,2
1781,2
1782,1
1785,1
1786,2
1787,1
1788,2
1789,1
1790,0
1791,1
1792,2
1793,2
1796,2
1801,2
1804,1
1805,1
1807,2
1808,1
1809,1
1812,2
1814,0
1815,1
1816,0
1817,1
1818,2
1819,0
1820,0
1821,1
1822,0
1823,0
1824,0
1825,1
1826,0
1828,0
1829,0
1831,2
1832,2
1833,0
1834,2
1835,2
1836,0
1837,0
1839,2
1840,2
1843,0
1844,0
1846,2
1848,0
1849,0
1850,0
1851,2
1852,0
1854,0
1855,2
1856,0
1858,1
1859,1
1861,0
1862,2
1863,2
1864,2
1865,0
1867,2
1868,0
1869,0
1870,2
1871,0
1872,2
1873,0
1874,2
1875,0
1876,0
1877,2
1878,2
1879,1
1880,2
1881,0
1882,0
1883,1
1884,1
1885,1
1886,0
1887,0
1889,1
1890,0
1891,0
1892,0
1893,1
1894,0
1895,2
1896,2
1898,1
1899,0
1901,0
1902,0
1903,0
1904,0
1905,0
1906,2
1908,0
1909,1
1910,0
1911,0
1912,0
1913,0
1914,0
1915,0
1918,1
1919,1
1920,1
1921,2
1922,1
1923,2
1925,2
1926,2
1927,0
1931,0
1932,2
1933,0
1934,0
1936,0
1937,0
1938,2
1939,2
1940,2
1942,0
1943,1
1944,2
1945,0
1946,2
1947,0
1949,0
1950,0
1951,0
1952,2
1953,2
1954,0
1956,0
1957,2
1958,1
1959,0
1960,0
1961,0
1962,0
1964,2
1966,0
1968,1
1970,0
1971,0
1972,0
1973,0
1975,1
1976,0
1977,1
1978,1
1979,2
1980,2
1981,2
1982,0
1983,2
1984,2
1985,0
1991,0
1993,0
1996,1
1998,1
1999,2
2001,1
2002,2
2003,0
2004,1
2005,1
2006,2
2007,1
2009,1
2014,1
2015,0
2016,0
2017,0
2018,1
2020,0
2021,1
2022,1
2024,1
2025,2
2026,1
2027,0
2028,0
2029,1
2030,0
2032,0
2033,0
2034,0
2035,2
2037,0
2038,0
2039,1
2040,0
2041,0
2042,0
2043,0
2046,2
2049,0
2050,0
2051,2
2052,0
2054,1
2055,2
2056,2
2062,2
2063,1
2064,2
2065,2
2067,2
2068,0
2069,2
2072,0
2073,1
2075,2
2076,1
2078,2
2079,1
2080,2
2081,1
2082,1
2083,0
2084,2
2085,2
2086,2
2087,0
2089,1
2090,0
2092,1
2094,2
2095,0
2096,0
2099,2
2100,1
2102,0
2103,0
2104,1
2105,0
2107,2
2110,1
2111,1
2112,0
2114,0
2117,2
2119,2
2120,0
2121,2
2123,2
2124,2
2125,0
2126,0
2128,2
2131,0
2133,0
2134,0
2135,1
2136,2
2137,2
2138,2
2139,1
2140,2
2141,0
2142,0
2143,2
2146,0
2147,0
2148,2
2149,1
2150,2
2152,0
2153,0
2155,0
2156,0
2157,1
2158,0
2159,0
2160,0
2161,2
2163,2
2164,0
2167,0
2169,0
2172,2
2173,2
2174,0
2176,2
2179,0
2180,1
2181,1
2183,2
2184,0
2185,2
2186,0
2187,0
2188,2
2189,0
2190,0
2194,0
2195,1
2197,0
2198,0
2199,1
2200,1
2201,1
2202,1
2205,2
2206,2
2207,2
2208,0
2209,2
2210,2
2211,2
2214,1
2215,0
2216,2
2218,0
2221,0
2222,2
2223,2
2224,2
2225,1
2226,2
2228,1
2230,0
2233,0
2235,1
2237,2
2238,0
2240,0
2241,0
2242,0
2244,1
2245,2
2246,1
2247,2
2248,0
2249,2
2250,1
2251,1
2252,0
2253,0
2254,0
2255,2
2256,0
2257,0
2259,1
2260,0
2261,0
2263,0
2264,0
2266,1
2268,2
2269,1
2270,0
2271,0
2272,0
2273,0
2274,1
2275,2
2276,0
2277,1
2278,0
2279,0
2281,1
2282,1
2283,2
2284,0
2285,0
2286,1
2289,2
2290,0
2291,0
2293,0
2294,2
2295,1
2297,2
2298,0
2299,1
2300,0
2303,1
2304,0
2305,2
2306,1
2307,0
2308,0
2309,1
2310,1
2313,2
2314,1
2315,0
2316,0
2317,2
2318,2
2319,2
2320,2
2321,2
2322,2
2323,0
2324,0
2325,0
2326,1
2328,0
2329,0
2331,1
2332,2
2333,1
2334,0
2335,0
2336,0
2337,0
2339,2
2340,1
2341,0
2342,1
2343,0
2344,0
2346,0
2347,2
2348,0
2349,2
2350,2
2351,2
2353,1
2356,0
2357,0
2358,0
2359,0
2361,2
2362,1
2363,0
2364,0
2365,0
2366,1
2367,0
2368,2
2369,1
2370,1
2372,2
2375,0
2376,2
2377,2
2379,2
2380,2
2381,0
2383,1
2384,2
2385,2
2386,1
2389,1
2391,2
2393,2
2395,2
2397,0
2398,0
2399,2
2400,0
2401,2
2402,1
2404,0
2405,1
2408,1
2409,2
2410,1
2411,0
2412,1
2413,2
2415,2
2416,2
2417,2
2418,0
2419,2
2420,2
2421,0
2423,0
2424,2
2425,0
2427,1
2430,1
2431,1
2432,2
2433,2
2434,1
2435,2
2436,2
2437,0
2438,1
2439,1
2442,1
2443,2
2444,0
2445,2
2446,1
2447,1
2448,2
2449,0
2450,2
2451,1
2452,1
2454,2
2457,1
2460,2
2461,0
2462,1
2464,1
2466,1
2467,2
2468,2
2469,0
2470,2
2471,0
2473,2
2474,0
2475,2
2476,2
2478,2
2480,2
2484,2
2485,2
2486,2
2489,1
2490,2
2492,1
2494,0
2495,1
2496,2
2497,2
2498,0
2499,2
2500,1
2501,2
2502,1
2503,2
2505,0
2510,1
2512,0
2516,1
2517,0
2519,1
2520,0
2521,0
2522,0
2523,2
2524,0
2525,1
2527,1
2528,1
2530,0
2531,2
2532,0
2533,0
2538,2
2539,2
2540,0
2542,2
2543,2
2544,1
2545,1
2546,2
2547,1
2548,2
2549,0
2550,1
2551,0
2552,2
2553,2
2554,1
2555,2
2556,2
2558,0
2560,2
2561,0
2562,0
2563,2
2564,1
2566,2
2567,2
2568,0
2571,0
2572,0
2574,0
2575,2
2576,2
2577,2
2578,0
2579,2
2581,1
2582,2
2584,2
2585,2
2589,1
2590,0
2591,1
2592,1
2593,1
2594,1
2595,1
2598,2
2601,2
2603,2
2604,2
2605,2
2606,0
2609,1
2610,2
2611,1
2612,1
2613,1
2614,1
2615,2
2617,1
2618,2
2619,1
2620,2
2621,2
2622,2
2623,2
2624,0
2625,0
2626,2
2627,2
2628,1
2629,2
2630,2
2631,2
2632,2
2633,2
2634,2
2635,2
2636,1
2637,0
2640,2
2641,2
2642,0
2643,1
2647,1
2648,1
2650,1
2651,1
2652,0
2653,2
2655,0
2656,2
2658,0
2659,2
2660,2
2662,2
2663,2
2664,1
2665,2
2668,0
2670,2
2671,2
2672,0
2673,2
2675,0
2677,2
2679,0
2680,0
2681,2
2683,1
2684,2
2685,1
2686,2
2687,2
2688,2
2690,0
2691,0
2692,2
2693,2
2694,2
2696,2
2697,2
2699,1
2700,1
2702,1
2703,2
2705,2
2706,0
2707,1
2709,2
2713,0
2714,0
2715,0
2716,2
2717,1
2718,2
2720,2
2721,2
2724,1
2725,2
2727,2
2731,2
2733,2
2734,2
2735,2
2736,0
2738,2
2739,0
2740,2
2741,2
2742,0
2745,0
2746,1
2747,2
2749,1
2750,2
2752,2
2753,2
2754,0
2757,0
2759,1
2761,2
2762,2
2763,2
2765,0
2766,1
2767,2
2771,1
2772,2
2773,0
2774,2
2775,0
2777,0
2778,2
2779,0
2780,1
2781,0
2782,2
2783,2
2784,2
2786,1
2787,2
2789,2
2790,2
2792,0
2793,0
2794,0
2795,2
2797,1
2799,2
2802,1
2805,2
2806,2
2807,0
2808,0
2809,2
2810,2
2811,2
2812,2
2813,2
2814,2
2815,2
2816,1
2817,2
2819,2
2820,0
2822,1
2823,1
2824,2
2826,2
2829,1
2830,2
2834,2
2836,0
2837,2
2838,2
2839,2
2840,1
2841,2
2842,2
2843,2
2847,2
2849,0
2850,1
2853,1
2854,2
2855,2
2856,0
2858,0
2861,2
2865,2
2867,2
2868,2
2870,0
2871,1
2872,2
2873,1
2874,1
2875,0
2876,1
2877,1
2878,2
2882,1
2883,2
2886,2
2889,0
2891,1
2892,2
2893,2
2894,2
2896,1
2897,2
2898,2
2899,2
2900,2
2901,2
2902,2
2903,2
2904,2
2905,0
2906,0
2909,0
2910,1
2912,1
2913,1
2914,1
2915,1
2916,1
2917,1
2919,0
2922,2
2923,2
2925,2
2926,0
2927,1
2928,0
2929,1
2930,2
2932,2
2934,1
2935,2
2936,2
2937,1
2939,2
2942,1
2945,2
2946,2
2948,2
2950,2
2951,0
2952,2
2953,1
2954,2
2956,1
2958,1
2959,0
2960,2
2961,2
2962,2
2963,2
2964,2
2965,2
2966,2
2967,1
2968,1
2970,1
2971,2
2973,1
2974,0
2975,1
2976,2
2978,2
2983,2
2984,1
2985,0
2986,0
2987,2
2988,2
2989,2
2990,2
2991,2
2992,0
2993,1
2994,0
2995,2
2996,2
2997,1
2999,2
3000,2
3002,2
3003,2
3004,2
3005,0
3006,1
3007,2
3008,0
3009,2
3010,1
3011,2
3012,2
3013,0
3015,1
3017,0
3018,1
3019,0
3020,0
3022,1
3023,2
3024,1
3025,1
3026,0
3027,2
3030,2
3032,2
3033,0
3034,2
3035,2
3036,2
3037,1
3038,0
3041,2
3042,2
3044,1
3045,1
3048,2
3049,1
3050,2
3051,2
3052,0
3053,1
3056,1
3057,1
3059,2
3061,2
3062,2
3063,2
3065,0
3066,2
3067,0
3069,2
3071,2
3073,2
3075,2
3078,0
3081,2
3082,2
3083,0
3084,1
3085,1
3086,1
3087,2
3088,1
3089,0
3090,0
3092,2
3093,0
3094,2
3095,2
3097,1
3098,2
3099,1
3100,2
3101,2
3102,0
3103,2
3104,2
3105,0
3106,2
3107,1
3108,0
3109,2
3110,2
3111,1
3112,2
3113,2
3114,1
3115,2
3116,1
3118,2
3119,1
3120,0
3123,1
3124,0
3125,1
3126,2
3127,0
3128,2
3129,2
3131,2
3132,2
3133,0
3136,1
3137,2
3138,2
3140,2
3142,0
3143,0
3144,2
3145,1
3146,1
3147,2
3149,2
3150,1
3151,0
3152,0
3154,1
3155,0
3157,2
3168,1
3169,2
3170,0
3171,0
3173,2
3176,2
3177,2
3181,0
3182,1
3183,2
3184,1
3185,2
3186,1
3187,1
3188,2
3189,2
3191,2
3192,2
3193,2
3196,0
3197,2
3204,0
3205,1
3207,2
3209,0
3210,2
3212,0
3213,1
3214,0
3215,1
3216,0
3217,1
3218,0
3220,2
3222,0
3223,0
3224,2
3225,1
3229,0
3231,0
3232,0
3233,1
3234,2
3235,1
3236,0
3238,2
3239,1
3240,1
3242,1
3243,1
3244,0
3245,0
3248,2
3250,2
3252,2
3253,2
3254,0
3255,2
3256,0
3257,0
3260,0
3261,0
3262,0
3264,2
3265,2
3266,0
3267,2
3269,2
3270,1
3271,2
3272,1
3273,1
3275,0
3276,2
3278,2
3279,2
3280,2
3281,2
3282,2
3283,1
3284,1
3285,2
3286,0
3288,1
3290,2
3291,2
3293,1
3294,2
3295,2
3296,1
3297,2
3299,2
3301,2
3302,0
3305,0
3306,2
3307,1
3308,2
3309,0
3311,2
3312,1
3315,2
3316,1
3317,2
3318,2
3319,2
3320,1
3321,2
3322,2
3323,0
3324,1
3327,1
3329,2
3331,0
3332,2
3336,2
3337,0
3341,1
3345,1
3346,2
3347,2
3348,2
3351,2
3352,2
3353,1
3356,0
3357,0
3359,0
3360,2
3361,2
3363,2
3364,2
3365,2
3368,2
3369,0
3370,1
3372,0
3374,1
3375,2
3377,1
3378,2
3379,2
3380,2
3382,2
3383,1
3384,0
3385,2
3386,2
3388,0
3389,2
3390,2
3392,2
3395,2
3396,1
3397,2
3398,0
3399,2
3400,2
3402,2
3403,2
3404,0
3405,2
3406,1
3408,2
3409,2
3410,2
3412,1
3414,2
3415,1
3416,2
3417,0
3418,1
3419,2
3421,2
3424,0
3425,2
3426,2
3427,2
3429,0
3430,2
3431,2
3432,0
3434,0
3435,1
3436,1
3437,2
3439,2
3440,0
3442,1
3443,2
3445,2
3446,2
3447,2
3448,0
3449,2
3450,0
3451,1
3453,0
3454,1
3455,2
3456,2
3457,2
3460,2
3461,2
3462,0
3463,2
3464,2
3465,2
3466,1
3467,2
3469,0
3470,1
3471,2
3472,2
3474,0
3475,0
3476,1
3477,1
3481,2
3482,2
3483,2
3484,2
3486,2
3487,2
3488,2
3489,2
3490,2
3491,1
3492,2
3493,2
3494,2
3495,2
3496,2
3498,2
3502,0
3508,1
3509,0
3510,0
3513,2
3514,1
3515,2
3517,1
3520,0
3521,0
3522,2
3523,1
3524,2
3525,2
3526,2
3527,1
3528,0
3529,0
3533,1
3535,2
3540,2
3541,0
3545,1
3546,1
3547,1
3548,0
3549,2
3551,2
3552,2
3553,2
3555,0
3556,1
3557,2
3558,2
3559,0
3560,2
3561,2
3562,1
3563,1
3564,0
3565,2
3566,1
3567,2
3568,0
3569,0
3570,2
3571,0
3572,2
3573,1
3575,0
3576,2
3577,0
3579,2
3580,2
3581,0
3582,2
3583,2
3584,1
3585,1
3586,0
3588,1
3589,0
3590,1
3591,0
3592,1
3593,2
3594,2
3595,0
3597,0
3599,1
3600,1
3602,1
3603,1
3605,1
3606,0
3608,1
3610,2
3611,0
3613,1
3614,2
3616,0
3619,2
3621,2
3622,0
3623,0
3625,0
3626,1
3630,2
3632,2
3635,2
3636,0
3638,0
3639,0
3641,1
3642,2
3643,2
3644,0
3645,2
3649,2
3650,0
3651,1
3652,0
3653,2
3657,2
3658,2
3659,2
3660,1
3662,2
3664,0
3665,0
3666,1
3667,0
3668,2
3670,2
3671,1
3672,2
3673,2
3675,1
3676,2
3677,0
3678,1
3681,1
3682,1
3683,0
3684,2
3685,2
3687,2
3688,0
3689,1
3690,0
3693,1
3694,2
3695,1
3697,2
3700,2
3701,1
3708,1
3709,1
3710,2
3714,2
3715,2
3716,2
3717,2
3718,1
3719,2
3720,2
3721,1
3723,2
3724,2
3729,2
3731,2
3733,2
3734,1
3735,2
3736,0
3737,2
3738,1
3739,2
3742,2
3743,2
3744,2
3745,2
3746,2
3748,2
3749,2
3750,2
3753,0
3754,2
3755,2
3756,1
3757,2
3758,2
3759,1
3760,0
3761,0
3762,2
3763,0
3764,1
3765,1
3766,1
3768,0
3769,2
3771,2
3773,2
3774,2
3775,2
3776,2
3777,1
3779,2
3780,2
3781,2
3782,1
3783,2
3784,0
3786,0
3787,2
3788,2
3789,2
3790,2
3792,1
3793,0
3794,2
3795,2
3796,0
3797,1
3799,2
3800,2
3801,0
3802,1
3803,2
3805,1
3806,0
3807,2
3808,2
3809,2
3810,1
3811,2
3812,2
3814,0
3816,2
3817,2
3818,1
3819,2
3820,2
3821,2
3822,2
3823,1
3824,2
3825,2
3826,2
3827,2
3828,2
3829,1
3831,2
3832,2
3833,2
3834,1
3835,0
3836,2
3837,1
3838,2
3839,1
3840,1
3843,2
3844,2
3845,0
3851,2
3853,2
3855,2
3856,2
3858,1
3861,0
3865,1
3866,0
3867,1
3870,2
3871,0
3872,2
3873,2
3874,2
3875,2
3877,2
3878,1
3879,2
3880,2
3881,2
3882,1
3884,2
3892,1
3896,0
3897,1
3898,2
3899,1
3900,1
3901,2
3902,1
3903,2
3904,2
3905,1
3906,2
3908,2
3909,0
3910,2
3911,2
3912,2
3913,0
3914,1
3915,0
3916,2
3917,0
3918,0
3919,2
3921,0
3924,2
3925,2
3926,0
3927,0
3929,1
3931,1
3932,1
3933,0
3935,2
3936,2
3937,0
3938,1
3939,0
3941,2
3942,0
3943,2
3944,0
3946,0
3947,2
3948,2
3951,2
3952,1
3953,2
3954,1
3959,0
3960,2
3961,2
3962,0
3964,2
3966,2
3970,2
3971,1
3974,2
3975,0
3978,0
3979,0
3980,0
3981,1
3983,2
3984,2
3985,1
3986,2
3987,2
3989,2
3990,0
3995,0
3996,2
3997,2
3998,0
3999,0
4000,2
4001,0
4002,0
4003,2
4004,2
4005,0
4006,0
4008,2
4009,2
4010,2
4012,2
4016,2
4019,0
4020,2
4022,0
4024,2
4028,0
4030,2
4032,2
4033,0
4034,1
4035,0
4036,0
4037,0
4038,0
4039,2
4040,2
4041,0
4042,2
4043,1
4047,2
4049,2
4050,1
4052,2
4054,2
4056,2
4057,0
4058,1
4059,1
4060,2
4063,2
4066,2
4067,0
4069,0
4070,2
4072,2
4073,2
4075,2
4076,2
4077,0
4078,1
4079,2
4080,2
4081,1
4082,0
4083,2
4084,2
4085,0
4086,2
4088,2
4089,1
4090,2
4093,2
4094,1
4095,2
4096,2
4097,2
4099,2
4101,2
4102,1
4103,1
4104,0
4105,1
4106,2
4107,1
4108,2
4109,2
4110,2
4111,2
4112,2
4113,0
4114,2
4115,1
4116,0
4117,1
4118,2
4119,2
4120,1
4121,2
4122,2
4123,2
4124,2
4125,0
4126,2
4127,0
4128,2
4129,0
4130,2
4131,2
4132,2
4134,2
4135,1
4136,2
4137,1
4138,2
4139,1
4140,2
4141,2
4142,2
4143,2
4144,2
4145,1
4146,1
4147,2
4148,0
4149,2
4151,2
4152,0
4153,2
4155,1
4156,0
4157,0
4158,0
4159,0
4160,2
4161,2
4162,1
4163,2
4164,0
4165,1
4166,2
4167,1
4168,2
4169,0
4170,1
4171,0
4172,2
4174,0
4175,2
4176,0
4177,2
4179,2
4180,2
4181,2
4182,1
4183,2
4184,2
4185,1
4186,1
4187,1
4189,1
4190,1
4192,1
4195,2
4196,2
4197,1
4198,2
4199,2
4200,1
4201,2
4202,1
4203,2
4204,0
4205,2
4206,0
4207,2
4212,2
4214,0
4218,0
4220,2
4221,2
4225,2
4226,2
4228,2
4229,0
4230,0
4233,1
4234,1
4235,1
4236,1
4237,0
4240,2
4242,2
4244,2
4245,2
4246,2
4248,2
4249,1
4250,0
4253,0
4255,0
4258,0
4260,0
4261,2
4264,2
4266,1
4269,2
4270,2
4271,1
4272,2
4273,1
4274,0
4275,0
4276,1
4277,2
4278,1
4279,2
4281,2
4282,2
4283,2
4284,0
4285,2
4286,1
4287,0
4288,1
4289,0
4290,0
4291,0
4292,0
4294,2
4295,2
4296,2
4297,2
4298,0
4300,2
4301,0
4302,2
4303,0
4305,2
4306,2
4307,0
4309,1
4310,2
4311,2
4312,0
4313,2
4314,1
4317,1
4318,2
4319,1
4321,2
4322,1
4323,2
4324,2
4326,2
4327,0
4329,0
4332,2
4333,2
4334,2
4335,2
4336,2
4337,0
4338,2
4340,1
4341,0
4345,2
4346,2
4347,1
4348,1
4350,2
4351,0
4352,2
4356,2
4358,2
4359,2
4362,1
4363,1
4364,1
4366,0
4367,2
4368,1
4370,1
4371,2
4372,2
4373,2
4375,1
4376,1
4378,1
4379,2
4382,2
4383,2
4385,0
4386,1
4387,0
4388,0
4391,2
4392,2
4393,0
4395,1
4396,0
4397,1
4398,2
4399,2
4400,2
4401,1
4402,1
4403,2
4405,1
4406,2
4407,0
4408,2
4409,2
4410,1
4411,2
4413,1
4414,0
4419,1
4420,0
4422,1
4423,2
4425,2
4426,1
4427,2
4428,2
4430,1
4431,2
4433,2
4436,0
4438,1
4439,2
4440,1
4442,2
4444,2
4445,0
4446,2
4448,2
4452,0
4453,1
4454,2
4455,2
4456,2
4457,2
4458,0
4459,0
4462,2
4463,2
4464,1
4465,1
4466,2
4467,2
4470,2
4471,2
4472,2
4474,2
4476,0
4477,2
4478,1
4479,1
4480,1
4481,2
4482,2
4483,2
4484,0
4486,2
4487,2
4490,0
4491,2
4492,0
4493,2
4494,2
4495,2
4496,2
4497,0
4498,2
4499,2
4501,1
4502,2
4503,2
4504,2
4506,0
4507,1
4509,2
4511,2
4512,1
4514,2
4515,0
4516,0
4517,1
4519,2
4520,1
4521,1
4522,1
4523,0
4524,0
4526,1
4527,1
4528,0
4529,1
4530,0
4531,0
4533,2
4534,0
4535,0
4536,0
4537,1
4538,1
4539,1
4541,1
4542,1
4543,2
4544,2
4545,1
4546,0
4547,2
4548,2
4549,0
4550,0
4551,2
4552,1
4553,2
4554,2
4555,1
4556,0
4557,2
4559,2
4560,2
4561,0
4562,2
4565,2
4566,1
4567,0
4568,2
4571,1
4572,0
4574,0
4575,1
4576,1
4577,2
4578,2
4579,2
4580,2
4585,2
4588,1
4589,2
4590,0
4591,2
4593,1
4595,1
4597,1
4599,2
4600,0
4601,1
4602,2
4604,1
4605,0
4606,1
4607,0
4608,0
4610,2
4611,2
4612,2
4614,2
4615,0
4617,0
4618,2
4620,2
4621,0
4626,0
4629,0
4630,1
4633,0
4635,2
4637,2
4638,1
4639,0
4640,2
4642,2
4644,2
4645,2
4646,2
4647,2
4648,0
4649,2
4650,1
4652,1
4653,2
4654,1
4656,1
4657,1
4658,2
4659,1
4661,0
4662,0
4663,1
4664,0
4665,0
4666,2
4668,0
4670,0
4672,1
4673,0
4674,2
4675,2
4676,2
4677,0
4678,0
4679,0
4680,0
4681,0
4684,1
4686,2
4690,2
4691,1
4692,2
4696,2
4697,0
4698,0
4701,2
4702,0
4704,2
4705,2
4706,1
4708,1
4711,0
4712,2
4714,2
4715,0
4716,0
4717,0
4718,1
4720,0
4721,1
4723,2
4724,2
4725,2
4726,0
4728,2
4729,2
4732,1
4735,2
4736,0
4737,2
4740,2
4741,2
4742,2
4743,2
4744,0
4745,2
4747,2
4749,2
4750,0
4751,2
4752,2
4753,0
4754,2
4755,2
4756,0
4757,1
4758,2
4759,2
4760,1
4761,1
4766,0
4769,0
4771,0
4772,1
4773,2
4774,2
4775,1
4776,2
4777,2
4778,1
4779,1
4780,1
4781,1
4782,2
4783,1
4785,2
4786,2
4788,1
4790,2
4793,2
4794,2
4796,2
4797,0
4798,2
4800,1
4801,2
4802,2
4806,2
4807,2
4808,0
4810,2
4811,2
4817,1
4818,2
4819,2
4820,1
4821,0
4822,2
4823,0
4824,0
4825,2
4826,2
4827,0
4828,2
4830,2
4831,2
4836,0
4837,2
4838,1
4839,2
4840,0
4841,2
4842,1
4843,0
4844,2
4845,2
4846,2
4847,2
4848,0
4850,2
4851,0
4852,2
4853,2
4854,1
4855,2
4856,0
4857,1
4858,2
4859,2
4860,1
4861,2
4862,1
4863,2
4864,1
4867,2
4868,1
4870,2
4871,0
4872,2
4873,2
4874,1
4875,2
4876,2
4877,1
4879,2
4880,2
4881,2
4882,1
4884,2
4885,2
4886,2
4888,2
4890,2
4891,0
4892,2
4894,0
4895,2
4897,0
4898,0
4899,2
4901,2
4903,2
4904,1
4905,2
4906,0
4907,1
4908,2
4909,2
4910,0
4911,2
4912,1
4913,2
4915,2
4917,2
4918,1
4921,1
4922,1
4923,2
4930,2
4931,2
4932,2
4934,0
4935,1
4936,0
4937,1
4938,2
4939,0
4940,2
4941,0
4944,2
4945,0
4946,0
4947,1
4948,1
4954,2
4958,2
4959,0
4961,0
4965,0
4967,2
4971,2
4972,2
4973,1
4974,2
4975,1
4976,0
4977,1
4978,1
4979,1
4980,0
4983,2
4984,1
4986,2
4987,2
4988,2
4989,2
4990,1
4993,2
4996,0
4997,1
4998,1
4999,1
5000,0
5001,2
5002,1
5003,1
5004,2
5005,2
5006,0
5007,2
5008,2
5009,2
5010,2
5011,2
5012,2
5013,2
5014,2
5015,1
5016,2
5017,1
5018,0
5020,1
5022,0
5023,2
5027,1
5028,2
5030,1
5031,2
5033,0
5034,2
5035,2
5036,1
5037,2
5038,2
5039,2
5040,2
5041,2
5043,0
5045,2
5046,1
5050,1
5051,0
5052,1
5053,2
5054,2
5055,2
5056,2
5059,1
5060,0
5061,2
5063,2
5066,2
5067,2
5068,1
5072,1
5074,0
5075,0
5076,0
5077,0
5079,2
5080,2
5081,2
5082,2
5083,2
5084,2
5085,2
5086,0
5092,2
5093,1
5094,2
5098,2
5099,0
5104,0
5106,2
5109,0
5110,1
5111,2
5112,1
5114,0
5115,2
5116,2
5117,1
5119,2
5120,0
5121,2
5122,0
5123,2
5124,1
5126,1
5127,2
5129,2
5130,2
5131,2
5132,2
5133,2
5135,1
5136,2
5137,2
5138,1
5140,2
5142,2
5143,2
5144,2
5145,1
5152,2
5153,2
5154,2
5156,2
5157,2
5158,2
5159,2
5163,2
5164,1
5165,2
5166,2
5167,2
5169,2
5170,2
5172,2
5173,2
5175,2
5176,2
5177,1
5178,2
5180,2
5181,1
5182,2
5183,2
5186,0
5188,2
5189,1
5191,0
5192,2
5194,2
5195,2
5196,2
5197,2
5198,2
5199,2
5200,0
5202,0
5203,1
5204,2
5205,0
5206,2
5208,0
5210,1
5211,2
5212,1
5213,2
5214,0
5215,2
5216,1
5217,2
5218,2
5219,2
5220,2
5221,2
5222,2
5223,0
5225,0
5226,2
5227,1
5228,0
5229,0
5230,2
5231,2
5233,2
5234,2
5235,1
5237,2
5238,2
5239,1
5240,2
5241,1
5242,0
5243,0
5244,0
5245,0
5247,2
5248,1
5249,2
5250,2
5251,2
5252,1
5253,0
5254,0
5255,2
5256,1
5260,2
5261,0
5264,2
5266,2
5267,1
5268,0
5269,0
5271,0
5272,1
5273,1
5274,2
5275,0
5276,0
5277,1
5278,1
5280,2
5284,2
5285,2
5293,2
5294,2
5295,2
5296,2
5298,2
5301,2
5302,1
5304,2
5305,2
5307,1
5308,0
5309,2
5310,0
5311,2
5312,2
5313,1
5315,0
5316,2
5317,0
5319,0
5322,1
5324,1
5325,2
5326,2
5327,1
5328,2
5329,2
5330,1
5331,2
5332,1
5333,1
5334,0
5335,0
5337,0
5338,2
5339,2
5340,2
5341,2
5342,0
5344,1
5345,2
5346,1
5347,0
5349,1
5350,2
5351,2
5352,1
5353,2
5354,2
5359,2
5360,2
5361,2
5362,2
5363,2
5364,0
5367,2
5370,2
5371,0
5373,2
5374,2
5375,2
5376,1
5377,2
5378,2
5379,2
5381,2
5382,1
5383,2
5384,0
5386,0
5390,0
5391,2
5392,0
5393,1
5395,0
5396,2
5397,1
5400,1
5402,0
5403,2
5405,0
5406,1
5408,2
5409,0
5410,0
5411,2
5412,2
5413,2
5414,2
5415,1
5416,0
5417,0
5418,2
5419,0
5420,0
5421,1
5423,2
5426,2
5427,1
5429,2
5430,2
5431,1
5432,0
5433,2
5434,0
5435,0
5436,1
5437,2
5438,0
5439,1
5440,0
5441,2
5442,2
5443,1
5444,1
5447,2
5448,1
5450,2
5451,2
5452,2
5453,2
5454,2
5455,1
5457,1
5458,0
5459,2
5462,2
5465,2
5466,2
5467,2
5468,2
5469,2
5470,0
5471,2
5472,2
5473,2
5479,0
5480,1
5481,1
5482,2
5483,0
5485,0
5488,2
5489,1
5490,0
5491,0
5492,0
5494,2
5495,2
5496,1
5497,2
5498,0
5502,1
5504,0
5505,2
5506,0
5507,2
5508,2
5509,1
5510,2
5512,1
5513,1
5515,2
5516,0
5517,2
5518,2
5519,0
5520,1
5521,2
5523,1
5524,2
5525,1
5526,1
5527,0
5528,2
5529,1
5530,2
5531,0
5532,2
5533,0
5534,2
5535,2
5537,1
5538,1
5539,2
5540,0
5541,1
5543,0
5545,2
5546,2
5547,1
5548,2
5549,0
5550,2
5551,1
5552,2
5553,2
5556,2
5557,2
5558,2
5559,2
5560,0
5561,2
5562,0
5563,2
5566,1
5567,2
5568,1
5570,2
5571,2
5572,2
5573,2
5574,2
5575,2
5579,2
5585,1
5586,1
5589,2
5596,0
5599,1
5600,2
5601,2
5602,1
5603,1
5605,2
5606,2
5607,1
5608,1
5609,1
5611,0
5612,2
5613,0
5614,2
5615,2
5616,2
5617,1
5618,1
5619,0
5621,0
5625,2
5627,2
5629,0
5633,2
5635,1
5636,0
5637,2
5638,1
5641,1
5642,2
5643,1
5644,2
5645,2
5646,0
5647,1
5648,0
5649,2
5650,2
5651,1
5652,0
5653,2
5654,1
5655,1
5656,2
5657,1
5658,1
5661,2
5662,0
5663,2
5664,2
5665,2
5666,1
5667,2
5668,1
5669,1
5670,2
5672,0
5673,2
5674,2
5675,0
5676,1
5679,0
5680,1
5681,2
5682,1
5683,2
5684,2
5687,2
5689,0
5690,2
5691,2
5692,1
5695,2
5696,2
5699,1
5700,2
5701,0
5702,2
5703,1
5704,0
5706,2
5708,2
5709,2
5712,0
5713,2
5714,0
5715,2
5716,2
5717,2
5719,2
5720,1
5721,2
5724,2
5725,2
5726,0
5727,1
5728,2
5729,0
5731,1
5734,2
5735,2
5737,0
5738,0
5739,1
5740,0
5741,0
5742,2
5743,2
5744,1
5745,2
5746,1
5756,2
5757,1
5758,0
5759,2
5760,2
5761,2
5762,1
5765,2
5766,2
5767,1
5768,1
5769,2
5771,2
5772,1
5774,1
5775,2
5776,1
5778,0
5782,2
5783,2
5784,1
5785,2
5786,2
5787,2
5788,0
5789,0
5790,1
5791,2
5795,1
5796,1
5798,1
5799,2
5800,1
5801,1
5803,2
5804,2
5805,2
5806,2
5810,2
5811,2
5813,0
5815,2
5816,2
5817,1
5818,2
5819,0
5820,1
5821,0
5822,2
5824,2
5825,1
5827,1
5828,1
5829,2
5830,2
5831,2
5832,2
5833,1
5835,2
5836,2
5837,1
5838,0
5839,2
5840,2
5841,2
5842,1
5843,1
5844,1
5845,1
5846,2
5848,0
5849,0
5850,1
5851,2
5852,2
5853,1
5854,2
5855,1
5856,0
5857,1
5858,0
5859,2
5860,0
5862,0
5863,0
5864,1
5866,0
5867,0
5868,0
5869,2
5870,2
5871,2
5872,2
5873,2
5874,0
5876,1
5877,2
5878,0
5879,2
5880,2
5881,1
5883,2
5884,2
5885,2
5886,1
5888,2
5892,2
5893,0
5894,2
5895,1
5896,0
5897,1
5898,2
5899,1
5901,2
5902,1
5903,2
5904,2
5905,1
5906,2
5910,2
5912,1
5915,2
5916,2
5921,2
5922,0
5923,2
5924,0
5925,2
5926,2
5927,0
5928,1
5929,0
5930,2
5931,2
5932,2
5933,2
5934,1
5935,2
5936,0
5937,1
5938,1
5939,2
5940,0
5944,2
5945,2
5946,2
5947,1
5948,1
5951,1
5956,2
5957,2
5958,1
5959,0
5963,1
5964,1
5965,2
5966,1
5967,1
5968,2
5970,1
5971,2
5972,0
5974,1
5979,0
5983,2
5985,2
5987,2
5988,1
5990,2
5991,0
5992,1
5993,1
5994,0
5996,0
5997,0
5998,0
5999,0
6002,2
6004,0
6005,0
6006,2
6008,0
6010,2
6011,2
6012,2
6014,2
6015,1
6017,0
6021,2
6023,2
6024,0
6026,2
6027,2
6028,2
6029,2
6030,0
6031,1
6034,2
6035,2
6036,2
6037,2
6038,2
6039,0
6040,2
6042,0
6043,2
6045,1
6046,2
6047,0
6050,1
6051,2
6052,2
6053,1
6054,2
6055,2
6056,0
6060,0
6062,2
6063,0
6064,0
6065,0
6066,1
6067,0
6068,0
6069,1
6070,0
6071,2
6072,2
6073,2
6075,1
6076,2
6079,2
6080,0
6081,0
6082,2
6083,2
6084,2
6085,2
6086,1
6087,2
6088,2
6089,2
6092,0
6094,1
6095,2
6097,0
6098,2
6099,2
6101,2
6102,2
6103,0
6104,2
6107,0
6109,0
6110,0
6112,2
6113,2
6114,2
6115,1
6116,1
6117,0
6119,0
6123,1
6124,2
6128,2
6129,2
6130,2
6131,2
6133,1
6134,2
6135,0
6136,2
6137,2
6138,2
6139,2
6140,1
6141,2
6143,2
6144,2
6145,2
6146,2
6147,2
6148,2
6149,2
6150,2
6152,2
6156,2
6157,2
6158,2
6159,1
6160,2
6162,2
6163,2
6164,1
6166,1
6167,0
6168,1
6169,2
6170,2
6172,2
6179,2
6180,1
6181,2
6182,2
6183,1
6184,0
6185,1
6186,0
6188,1
6189,0
6190,2
6191,2
6192,2
6194,2
6195,2
6196,1
6197,0
6198,0
6199,2
6200,2
6201,0
6202,2
6203,2
6204,2
6205,1
6206,0
6207,0
6209,2
6210,1
6211,1
6212,1
6214,2
6215,2
6216,2
6217,2
6220,1
6222,2
6223,2
6224,2
6225,2
6226,1
6227,2
6228,1
6229,0
6230,2
6231,2
6232,0
6233,2
6234,2
6235,0
6236,0
6237,2
6238,0
6239,2
6240,0
6241,1
6243,2
6244,2
6245,0
6246,0
6247,0
6249,2
6250,1
6251,1
6252,2
6253,1
6254,2
6255,0
6256,1
6257,2
6258,2
6259,2
6262,0
6263,1
6264,2
6268,2
6270,2
6275,2
6276,2
6278,2
6279,1
6280,2
6281,2
6282,1
6283,1
6285,2
6286,2
6287,1
6288,0
6289,1
6290,2
6291,1
6292,1
6293,0
6294,1
6295,2
6296,2
6301,2
6302,2
6305,2
6308,0
6310,0
6311,0
6312,1
6313,0
6314,1
6316,0
6317,0
6318,0
6320,1
6321,0
6322,1
6323,1
6324,2
6325,0
6326,0
6327,0
6328,1
6329,0
6330,2
6331,2
6332,2
6333,1
6334,0
6335,2
6336,2
6337,2
6338,1
6340,1
6341,1
6342,1
6343,0
6344,2
6345,2
6347,0
6348,0
6349,2
6350,1
6351,1
6352,0
6353,2
6355,1
6358,0
6359,0
6360,2
6362,2
6363,0
6364,0
6366,2
6367,0
6368,1
6369,2
6370,1
6371,2
6373,2
6374,2
6375,1
6376,2
6377,1
6378,2
6379,2
6380,1
6383,1
6386,2
6392,2
6393,2
6395,1
6396,1
6397,2
6400,1
6401,1
6403,2
6404,1
6405,0
6411,0
6413,2
6414,1
6415,1
6416,1
6417,2
6418,1
6419,2
6421,0
6422,1
6423,2
6424,2
6426,2
6427,1
6428,2
6429,2
6438,2
6439,0
6444,1
6446,2
6448,0
6449,1
6453,2
6455,0
6457,2
6459,2
6460,2
6461,1
6462,0
6464,2
6466,2
6467,2
6468,0
6470,1
6472,1
6473,2
6474,2
6475,0
6476,2
6477,2
6478,1
6479,2
6480,2
6481,1
6482,2
6483,2
6486,0
6487,0
6489,0
6490,2
6492,2
6493,2
6494,2
6496,2
6497,1
6498,1
6499,2
6500,2
6501,1
6502,2
6505,2
6506,1
6507,2
6508,2
6511,2
6512,0
6513,1
6517,2
6518,2
6519,2
6520,2
6521,2
6523,2
6524,2
6525,1
6526,2
6527,2
6528,2
6529,1
6530,1
6531,2
6532,1
6533,0
6534,2
6535,2
6537,0
6538,0
6540,2
6541,2
6543,0
6546,0
6547,2
6550,0
6552,2
6553,0
6555,2
6557,1
6558,2
6559,2
6560,2
6561,2
6562,2
6563,2
6564,2
6565,2
6567,0
6568,0
6569,2
6570,0
6571,2
6572,1
6573,1
6574,2
6575,1
6576,2
6577,0
6578,0
6579,0
6580,2
6582,2
6583,2
6584,2
6585,2
6586,2
6587,1
6588,2
6589,2
6590,0
6591,2
6592,2
6594,2
6595,1
6596,2
6597,2
6599,2
6600,1
6601,2
6602,2
6604,2
6605,2
6606,2
6607,2
6608,2
6609,2
6611,0
6612,2
6614,2
6616,2
6617,2
6618,1
6623,1
6627,1
6628,1
6630,2
6631,1
6634,2
6639,2
6640,0
6641,2
6642,2
6643,1
6645,2
6646,1
6647,2
6650,1
6652,1
6655,2
6656,2
6657,1
6660,1
6661,1
6664,1
6665,0
6666,0
6669,0
6671,2
6672,2
6673,0
6674,0
6675,2
6678,2
6679,1
6680,2
6681,0
6682,1
6683,1
6684,0
6685,0
6686,2
6687,0
6689,2
6690,1
6691,2
6692,0
6693,0
6694,0
6695,2
6696,0
6697,1
6700,1
6702,0
6703,0
6705,2
6706,0
6707,0
6708,0
6709,0
6711,2
6712,2
6713,2
6714,2
6715,1
6716,0
6717,2
6721,0
6723,1
6726,1
6727,2
6728,2
6729,2
6731,2
6733,0
6737,2
6738,1
6740,0
6742,1
6743,1
6745,1
6746,2
6747,2
6748,0
6749,2
6751,2
6752,2
6753,2
6754,2
6755,2
6756,2
6757,2
6760,2
6763,0
6768,2
6770,2
6771,0
6772,2
6773,2
6774,1
6775,2
6776,2
6778,1
6779,2
6780,2
6781,1
6782,2
6783,2
6785,2
6787,2
6788,0
6790,2
6791,0
6793,0
6794,1
6797,2
6799,0
6800,2
6801,2
6804,0
6805,1
6807,1
6808,2
6809,0
6812,2
6813,2
6814,2
6815,2
6816,2
6817,2
6818,2
6820,1
6821,2
6822,2
6826,2
6827,2
6828,2
6829,2
6835,0
6836,2
6837,2
6838,1
6840,2
6841,1
6842,1
6844,1
6845,2
6846,1
6848,2
6849,2
6851,0
6852,0
6853,1
6854,2
6856,2
6857,2
6859,2
6860,2
6861,1
6862,1
6863,1
6865,2
6866,2
6867,2
6868,2
6869,2
6871,2
6872,1
6873,1
6874,1
6876,2
6877,2
6878,2
6879,0
6881,1
6882,1
6883,2
6884,2
6885,2
6886,2
6887,0
6888,2
6890,0
6891,2
6893,2
6894,2
6895,2
6898,2
6899,1
6900,1
6901,0
6902,2
6903,2
6904,1
6905,2
6906,2
6907,2
6908,0
6909,0
6910,1
6911,0
6912,0
6913,1
6914,1
6915,0
6916,2
6917,2
6918,0
6919,2
6920,0
6922,1
6923,1
6924,1
6926,2
6927,2
6928,2
6929,2
6931,2
6932,2
6933,2
6935,1
6936,2
6937,2
6938,2
6939,2
6940,1
6941,1
6942,2
6944,2
6945,2
6949,2
6950,2
6951,2
6952,0
6953,1
6956,1
6957,1
6958,1
6962,0
6964,1
6965,2
6966,2
6967,2
6969,1
6970,2
6971,1
6972,1
6974,1
6975,2
6976,2
6977,2
6980,0
6986,0
6987,2
6988,2
6989,2
6990,0
6991,0
6992,0
6994,2
6995,2
6996,2
6998,2
6999,1
7000,0
7002,0
7003,1
7007,1
7008,2
7012,2
7017,2
7019,2
7020,2
7022,1
7024,0
7025,1
7026,2
7027,0
7030,2
7033,1
7035,2
7036,0
7037,2
7038,0
7039,2
7041,2
7042,1
7044,0
7045,0
7046,2
7047,1
7048,0
7049,1
7050,2
7051,0
7052,2
7054,2
7055,0
7056,0
7057,1
7058,2
7059,0
7060,2
7061,2
7062,1
7063,0
7064,0
7065,2
7066,2
7067,0
7068,2
7069,1
7072,1
7073,2
7075,2
7077,2
7079,2
7080,2
7081,0
7082,2
7083,2
7084,2
7085,2
7087,2
7088,2
7089,1
7091,2
7093,1
7096,0
7098,2
7099,2
7100,2
7103,2
7105,0
7107,1
7109,1
7110,2
7113,0
7114,2
7115,1
7118,0
7119,2
7120,2
7121,0
7122,1
7123,2
7126,0
7128,0
7134,0
7137,1
7138,2
7139,2
7140,1
7141,1
7142,0
7143,0
7144,0
7147,2
7148,0
7149,2
7150,2
7151,1
7152,2
7155,0
7158,1
7161,1
7163,2
7164,2
7165,2
7166,2
7167,2
7168,2
7170,1
7172,2
7173,2
7176,2
7177,1
7178,2
7179,2
7181,2
7182,2
7183,2
7184,1
7185,1
7187,0
7189,2
7190,1
7192,1
7193,1
7194,1
7195,2
7196,2
7197,2
7199,2
7200,2
7201,2
7204,2
7205,1
7207,1
7209,2
7212,1
7215,0
7216,2
7217,2
7221,0
7222,0
7223,1
7225,2
7226,2
7227,2
7230,2
7231,2
7232,2
7233,1
7235,0
7237,2
7238,0
7239,2
7240,2
7243,2
7244,2
7245,2
7247,0
7250,2
7251,0
7252,2
7253,2
7254,2
7255,0
7256,2
7257,0
7259,2
7260,1
7261,2
7262,1
7263,1
7264,2
7265,0
7266,2
7267,2
7268,1
7269,0
7270,1
7271,2
7272,2
7273,0
7274,2
7279,2
7280,2
7281,1
7282,2
7283,2
7284,1
7285,0
7286,2
7288,2
7289,2
7290,0
7291,1
7292,0
7293,1
7294,2
7295,2
7296,0
7297,2
7299,0
7301,2
7302,0
7304,1
7305,0
7307,0
7308,2
7311,2
7312,2
7313,1
7315,1
7316,2
7319,2
7321,2
7322,0
7323,0
7324,0
7325,2
7326,0
7327,2
7328,1
7334,2
7335,2
7337,1
7339,1
7340,1
7341,1
7342,1
7344,1
7345,2
7348,0
7349,2
7350,1
7351,2
7354,2
7355,2
7356,2
7357,1
7358,1
7359,2
7360,2
7361,1
7362,0
7363,1
7367,1
7368,1
7369,2
7372,1
7373,2
7374,0
7375,1
7376,2
7377,0
7379,1
7380,2
7381,0
7382,2
7383,2
7384,2
7385,2
7387,2
7388,1
7389,2
7390,2
7391,2
7394,1
7395,2
7396,1
7397,1
7398,2
7399,2
7400,2
7401,0
7402,1
7403,1
7404,1
7405,2
7406,0
7407,2
7408,2
7409,1
7410,2
7411,1
7412,0
7413,0
7414,2
7415,2
7416,2
7419,2
7420,2
7421,2
7422,2
7424,2
7425,1
7427,0
7428,0
7429,1
7432,0
7433,0
7434,1
7436,1
7437,2
7438,1
7441,1
7443,0
7445,2
7446,0
7447,1
7448,2
7449,2
7450,1
7452,2
7453,2
7455,2
7456,0
7461,2
7462,1
7463,1
7465,0
7466,2
7467,2
7469,2
7471,2
7472,2
7474,0
7475,2
7476,0
7478,2
7480,1
7481,2
7483,0
7485,0
7486,0
7487,0
7488,1
7489,0
7494,2
7495,1
7496,2
7498,2
7500,2
7501,1
7502,0
7504,1
7505,2
7506,2
7507,0
7510,2
7511,1
7516,0
7517,1
7518,2
7520,2
7521,2
7522,0
7523,1
7524,1
7525,2
7527,2
7528,2
7530,1
7531,1
7532,0
7533,1
7535,0
7536,1
7538,2
7539,2
7540,2
7541,2
7542,2
7544,0
7546,2
7547,2
7548,2
7549,2
7557,0
7558,1
7560,2
7562,2
7565,0
7567,2
7568,2
7569,1
7570,2
7571,2
7572,2
7573,1
7574,2
7575,2
7576,2
7577,2
7578,1
7579,2
7580,2
7582,1
7583,2
7584,0
7585,0
7586,1
7587,1
7588,2
7589,0
7590,2
7592,0
7593,0
7594,2
7595,2
7596,2
7597,1
7598,0
7599,0
7600,2
7603,1
7604,1
7605,1
7606,2
7607,2
7608,1
7609,2
7610,2
7611,2
7612,2
7613,2
7614,1
7615,2
7616,2
7617,1
7618,2
7619,2
7620,2
7621,0
7622,0
7623,1
7624,2
7625,0
7626,1
7627,2
7628,2
7630,2
7631,2
7632,2
7635,0
7636,0
7638,2
7639,2
7640,1
7641,2
7642,2
7644,2
7647,2
7648,2
7649,2
7650,1
7651,2
7653,2
7656,0
7659,0
7661,0
7662,0
7663,2
7665,2
7667,2
7668,2
7670,2
7671,1
7672,2
7673,1
7674,2
7675,1
7676,2
7679,1
7681,2
7682,1
7683,2
7684,1
7687,2
7690,1
7691,2
7692,2
7694,2
7695,0
7696,0
7697,1
7698,2
7699,1
7700,2
7702,2
7703,2
7705,0
7706,2
7707,2
7709,1
7710,0
7711,0
7712,0
7713,1
7717,1
7718,0
7719,1
7720,1
7721,0
7722,2
7723,0
7724,2
7725,2
7726,2
7727,0
7729,1
7730,0
7731,0
7732,2
7733,1
7735,1
7737,0
7738,2
7739,1
7740,2
7742,0
7750,1
7752,0
7754,1
7756,2
7757,2
7758,2
7760,1
7761,2
7762,0
7763,0
7764,2
7766,2
7767,1
7768,2
7769,1
7770,1
7771,2
7772,0
7774,0
7775,1
7776,2
7777,0
7778,0
7779,2
7781,2
7782,0
7783,2
7785,2
7787,0
7789,2
7790,2
7792,2
7793,2
7795,0
7796,2
7800,2
7801,0
7802,2
7803,2
7804,2
7805,2
7806,2
7807,2
7808,2
7809,2
7814,2
7815,2
7816,0
7818,2
7819,2
7820,2
7821,2
7822,2
7823,1
7824,2
7827,2
7829,2
7830,1
7831,2
7833,2
7834,2
7835,1
7837,2
7838,0
7839,0
7841,2
7843,2
7844,2
7845,1
7847,2
7848,2
7850,1
7851,0
7852,2
7853,0
7854,2
7859,2
7860,2
7861,0
7862,0
7863,1
7864,2
7866,2
7868,2
7869,1
7870,2
7871,2
7876,2
7878,2
7880,0
7882,2
7883,1
7884,2
7887,0
7889,2
7890,2
7891,0
7892,2
7894,1
7895,2
7896,0
7897,1
7898,0
7899,2
7901,1
7902,2
7903,0
7905,2
7907,2
7909,2
7912,2
7914,1
7915,2
7916,2
7917,2
7919,2
7920,0
7922,2
7923,0
7924,0
7925,2
7926,0
7928,1
7929,0
7930,1
7931,0
7932,1
7933,1
7934,2
7935,0
7936,1
7937,0
7939,2
7940,0
7941,1
7942,0
7943,2
7944,2
7946,0
7947,2
7948,2
7949,2
7950,2
7951,1
7952,1
7953,0
7954,0
7955,2
7956,2
7957,2
7958,2
7959,2
7960,1
7961,2
7962,2
7966,2
7967,2
7968,2
7969,2
7971,1
7972,1
7974,2
7975,2
7976,2
7977,2
7978,1
7979,0
7980,1
7981,1
7982,1
7984,2
7985,2
7986,0
7987,2
7988,2
7989,2
7991,1
7994,2
7997,2
7998,0
8002,0
8005,1
8006,0
8007,2
8008,1
8009,2
8011,2
8013,1
8014,2
8015,2
8016,2
8018,2
8019,2
8020,1
8021,2
8022,1
8023,0
8024,0
8027,2
8029,2
8030,1
8032,0
8033,2
8034,0
8035,2
8036,0
8038,0
8041,0
8043,0
8046,2
8049,0
8051,2
8052,1
8053,0
8055,1
8057,1
8058,1
8059,0
8060,2
8062,0
8063,0
8064,0
8065,2
8067,2
8068,2
8069,2
8071,2
8072,2
8075,2
8076,0
8077,0
8078,0
8079,0
8080,0
8081,2
8082,1
8083,0
8084,1
8085,0
8086,0
8089,2
8090,1
8091,2
8092,0
8093,2
8094,0
8096,2
8097,1
8099,0
8100,2
8101,0
8104,0
8105,0
8107,2
8110,0
8111,0
8112,0
8113,0
8114,0
8115,1
8116,1
8118,1
8119,0
8122,1
8123,1
8126,2
8127,2
8128,2
8129,2
8130,2
8131,1
8134,0
8135,0
8136,0
8138,2
8140,2
8142,1
8143,1
8144,2
8146,2
8148,1
8149,1
8150,2
8151,1
8152,2
8153,2
8154,0
8155,2
8156,2
8158,2
8160,2
8161,1
8162,0
8166,0
8167,0
8169,2
8170,0
8171,2
8172,0
8173,2
8174,2
8175,2
8176,2
8177,0
8179,0
8180,2
8184,2
8188,2
8189,1
8192,2
8193,0
8194,2
8195,0
8197,2
8201,2
8203,2
8206,2
8207,2
8208,2
8209,0
8211,0
8212,2
8213,1
8216,2
8217,0
8219,1
8220,2
8226,2
8227,1
8229,2
8230,1
8232,2
8233,2
8234,2
8235,1
8237,2
8240,1
8241,0
8242,2
8243,2
8244,0
8245,2
8247,2
8248,1
8249,1
8250,2
8251,2
8253,1
8254,2
8255,2
8257,1
8259,2
8260,2
8261,0
8262,2
8263,2
8264,2
8266,2
8268,2
8269,2
8270,2
8271,2
8272,0
8273,1
8274,2
8275,2
8276,2
8277,2
8278,2
8279,0
8280,2
8281,0
8282,2
8284,2
8285,2
8286,2
8288,0
8289,2
8290,0
8291,0
8292,0
8293,0
8294,2
8295,1
8296,1
8297,0
8298,0
8299,1
8300,0
8301,2
8303,2
8304,0
8305,2
8306,2
8307,2
8308,2
8309,0
8310,1
8311,2
8312,2
8315,0
8316,0
8317,2
8319,0
8320,1
8321,1
8322,0
8323,0
8324,1
8325,1
8326,2
8327,1
8328,1
8329,2
8331,1
8332,1
8333,2
8334,2
8335,2
8336,2
8341,2
8351,2
8352,0
8353,1
8356,2
8357,1
8359,1
8360,1
8361,2
8363,1
8365,0
8368,1
8369,2
8370,2
8371,2
8372,2
8373,1
8374,2
8375,2
8377,2
8379,0
8380,0
8381,2
8384,0
8385,1
8387,1
8388,2
8391,0
8392,1
8393,0
8395,1
8396,2
8399,2
8400,1
8401,0
8402,1
8403,0
8404,0
8405,2
8406,2
8407,1
8410,2
8412,2
8413,2
8415,2
8416,2
8417,2
8418,2
8419,0
8421,2
8423,0
8424,0
8425,0
8426,2
8427,2
8428,1
8429,1
8431,0
8432,2
8433,0
8434,2
8435,2
8436,2
8437,2
8438,0
8439,0
8440,2
8442,0
8443,2
8445,1
8447,2
8448,2
8449,0
8450,2
8451,1
8452,0
8453,2
8454,2
8456,1
8457,0
8458,0
8459,0
8460,1
8461,2
8463,1
8464,1
8466,1
8467,0
8468,0
8470,0
8471,1
8472,2
8473,0
8474,0
8475,1
8476,0
8477,1
8478,1
8480,1
8481,2
8482,0
8483,2
8484,1
8485,1
8486,1
8487,0
8488,2
8489,2
8490,0
8491,2
8495,0
8497,1
8498,1
8500,2
8501,2
8502,2
8509,0
8511,1
8512,1
8513,0
8514,0
8515,0
8516,0
8517,0
8518,2
8519,1
8520,2
8521,2
8522,0
8524,1
8525,2
8527,1
