feature,mean_abs_shap
生命质量评估-12）在过去4个星期里，有多少时间由于您身体健康或情绪问题而妨碍您的社交活动（比如探亲、访友等）？,1.7610627
Fried衰弱表型评估-握力左手第一次,1.6016859
区=东城区,1.1231501
跌倒评估-总分,0.89202106
省=广西壮族自治区,0.68309367
Fried衰弱表型评估-握力左手第二次,0.6344944
区=Other,0.4819086
省=新疆维吾尔自治区,0.3833377
区=中原区,0.27877024
Fried衰弱表型评估-握力右手第一次值,0.16760688
Fried衰弱表型评估-握力左手最大值,0.16624601
肌少症评估-1举起或搬运10磅物体（约45kg）是否存在困难？,0.15010133
文化程度=初中,0.14640096
文化程度=高中/中专,0.14321452
文化程度=大专/本科,0.13489407
文化程度=文盲,0.110954754
省=江苏省,0.10277715
慢病症状-无外因的骨折=Missing,0.10242454
慢病症状-无外因的骨折=1.0,0.0949542
人均可支配月收入水平=2.0,0.08347917
体重,0.07797071
省=Missing,0.07337909
Fried衰弱表型评估-握力右手第二次值,0.07220319
家庭类型=1.0,0.06666037
家庭类型=3.0,0.061028585
ADL量表-总分,0.054177642
省=云南省,0.04624733
家庭类型=2.0,0.044671584
人均可支配月收入水平=3.0,0.043069914
家庭类型=4.0,0.03912374
家庭类型=0.0,0.03615533
婚姻状况=Missing,0.035233136
婚姻状况=Other,0.03323906
受试来源=3.0,0.03264895
文化程度=Other,0.030382097
糖化血红蛋白=Other,0.027299155
区=朝阳区,0.02543081
区=绿园区,0.025287997
婚姻状况=4.0,0.024794752
人均可支配月收入水平=4.0,0.023936592
舒张压,0.02337707
文化程度=小学,0.022427006
婚姻状况=0.0,0.022193385
慢病症状-近3年无外力的摔倒=Missing,0.021623068
区=楚雄市,0.02129279
Fried衰弱表型评估-握力右手最大值,0.020820132
收缩压,0.020587249
健康自评分数,0.019750686
市=市辖区,0.01950817
慢病症状-无外因的骨折=0.0,0.018285526
家庭类型=Missing,0.018062774
市=乌鲁木齐市,0.01756324
受试来源=Missing,0.016723718
人均可支配月收入水平=1.0,0.016665366
区=Missing,0.016548844
活力-BMI得分,0.016405001
人均可支配月收入水平=6.0,0.015839651
市=白城市,0.01422207
生命质量评估-10）在过去4个星期里，您有多少时间感到精力充沛？,0.014000997
区=宽城区,0.013936322
高血压发病年数=7.0,0.0138815725
慢病症状-近3年无外力的摔倒=0.0,0.013815018
区=鼓楼区,0.013454024
性别=女,0.013368721
慢病症状-近3年无外力的摔倒=1.0,0.01321085
婚姻状况=2.0,0.013186246
心理-您是否已经放弃了许多活动与兴趣？=1,0.013108549
生命质量评估-9）在过去4个星期里，您有多少时间感到心平气和？,0.012643603
区=丰台区,0.012185058
区=栖霞区,0.01190614
婚姻状况=1.0,0.011822139
过去一年住院次数,0.01169247
生命质量评估-1）总体来讲，您的健康状况是=5.0,0.0113713415
是否其他=Missing,0.011148834
市=白山市,0.011113494
省=河南省,0.010615582
家庭类型=5.0,0.010287359
弹性评估-总分,0.010146659
是否冠心病心绞痛=0.0,0.009958068
运动-双脚半前后位站立10秒-保持时间为:,0.009937621
市=四平市,0.00954423
是否神经衰弱=Missing,0.009464734
市=通辽市,0.009436591
区=城东区,0.009411876
市=郑州市,0.009268712
脑血栓治疗状态=Missing,0.009148214
慢病症状-活动时胸闷或胸痛=Missing,0.0091312425
区=乐都区,0.009017531
市=Missing,0.008951961
区=农安县,0.0087219095
受试来源=1.0,0.0083955545
患有慢性病数量,0.008247496
受试来源=0.0,0.008232625
省=Other,0.00816521
过去一年急诊次数,0.008138765
受试来源=2.0,0.007961368
市=长春市,0.007889976
区=德惠市,0.007693771
市=吉林市,0.007531611
运动-4米行走时间：日常行走速度走完4米-平均完成时间,0.0074721137
区=西山区,0.0072791693
区=公主岭市,0.0070408774
心理-您是否大部分时间感到幸福？,0.0069526113
弹性评估-3我大部分时间精力充沛,0.00687896
区=长白朝鲜族自治县,0.006435172
市=海东市,0.006290771
白内障发病年数=Other,0.0061750524
臀围=Other,0.0060689375
高血压发病年数=40.0,0.005984972
服用药物数量,0.005953023
区=融水苗族自治县,0.005873721
市=楚雄彝族自治州,0.0058608195
臀围=100.0,0.005762047
腰围=89.0,0.005643072
市=呼和浩特市,0.005539664
运动-总分,0.005537794
心理-总分,0.005480872
身高,0.00531962
肌少症评估-5过去1年内的您跌倒过几次？,0.005029134
市=西宁市,0.0049704826
臀围=102.0,0.0048847916
婚姻状况=3.0,0.004813583
总胆固醇=Other,0.004366222
腰围=Other,0.00420736
经济状况=2.0,0.0041418932
生命质量评估-1）总体来讲，您的健康状况是=Missing,0.0040805656
是否痴呆=0.0,0.0040731723
生命质量评估-6）在过去4个星期里，您是否情绪方面的原因（比如感到沮丧或者焦虑）而令您在工作或日常生活中感到力不从心？=2.0,0.0040650996
市=柳州市,0.0040646554
市=临沧市,0.003928799
慢病症状-行动不便（缓/跛）=Missing,0.0039013408
经济状况=Missing,0.003829333
冠心病心绞痛发病年数=6.0,0.0037167834
弹性评估-8当生活环境改变，我可以很好地适应=2.0,0.0036933315
生命质量评估-11）在过去4个星期里，您有多少时间感到心情不好、闷闷不乐或沮丧？,0.0036459633
一生主要从事=2.0,0.0033536763
区=土默特左旗,0.0032596858
人均可支配月收入水平=5.0,0.0031992872
慢病症状-失眠=Missing,0.003186177
市=昆明市,0.0031516661
衰弱快速筛查量表-总分,0.003052595
省=吉林省,0.0030386962
腰围=98.0,0.0029965125
区=柳北区,0.002976677
Fried衰弱表型评估-您近期是否因手术、外伤、或有其他健康状况可能对您行走造成限制?=1.0,0.0029637755
运动-4米行走时间：日常行走速度走完4米-第1次完成时间,0.0029157456
IADL量表-总分,0.002877446
是否高血压=0.0,0.0028286078
是否慢阻肺=0.0,0.002722388
臀围=Missing,0.0027129916
运动-4米行走时间：日常行走速度走完4米-第2次完成时间,0.0026869597
省=青海省,0.0026291378
区=大兴区,0.0026241129
IADL量表-6服务药物=Missing,0.0025370603
查尔森合并症-充血性心力衰竭=无,0.0024589305
门冬氨酸氨基转移酶=17.0,0.0024313242
高血压治疗状态=Missing,0.002393699
弹性评估-4我越来越记不住东西放在哪里（此项为反向评分）,0.0023131815
出生日期=Other,0.0022621476
高血压发病年数=20.0,0.0022182998
跌倒评估-3使用助行器具=Missing,0.002211177
生活行为与社会功能评估-4您过去的一周内是否感觉孤独？=4-1,0.0021887557
查尔森合并症-转移性实体肿瘤=Missing,0.0021805936
冠心病心绞痛发病年数=3.0,0.002150213
慢病症状-行动不便（缓/跛）=0.0,0.0021461376
同型半胱氨酸=Missing,0.0021443665
认知-总分,0.002135145
曾经职业,0.002120647
冠心病心绞痛治疗状态=Other,0.0020624823
尿素氮=Other,0.0020423247
一生主要从事=3.0,0.002006035
心理-您是否大部分时间精力充沛？,0.001988785
是否其他神经疾病=0.0,0.0019521663
Fried衰弱表型评估-4米行走第二次,0.0018971288
市=南京市,0.0018751945
弹性评估-8当生活环境改变，我可以很好地适应=4.0,0.0018720955
查尔森合并症得分,0.0018151507
活力-既往3个月内有无重大心理变化或急性疾病=0,0.0018127381
冠心病心绞痛发病年数=8.0,0.0018017777
查尔森合并症-充血性心力衰竭=Missing,0.0017207708
市=Other,0.0017177776
查尔森合并症-糖尿病伴器官损害=Missing,0.0016949819
高血压发病年数=4.0,0.0016503548
是否高血压=Missing,0.0016415302
ADL量表-5控制大便=Missing,0.001632618
生命质量评估-5）在过去4个星期的工作和日常生活中，您是否因为身体健康的原因而令您的工作或活动受到限制？=Missing,0.0016091875
脑血栓治疗状态=1.0,0.0016066637
查尔森合并症-轻微的肝脏疾病=Missing,0.001563009
省=陕西省,0.0015580606
IADL量表-1打电话=3.0,0.0015549775
Fried衰弱表型评估-1)过去1年中，不明原因出现体重下降>45kg或>5%的体重,0.0015349442
生活行为与社会功能评估-总分,0.0014936535
活力-活动能力=0,0.0014665439
区=鱼峰区,0.0014657852
臀围=99.0,0.0014610785
是否高血压=1.0,0.001460955
是否其他=0.0,0.0014168924
是否慢阻肺=1.0,0.0013898351
空腹血糖=Other,0.0013841746
区=二道区,0.001321273
是否焦虑抑郁症=1.0,0.0012988155
体脂率=Missing,0.0012898125
感知-第一行看到≥3个E的方向=0,0.0012739598
生活行为与社会功能评估-5目前的收入（包括现金和实物）是否能够维持您的日常开支？=Missing,0.0012591761
一生主要从事=Missing,0.0012573892
区=玉泉区,0.0012358716
Fried衰弱表型评估-总分,0.0012278245
感知-在3米处测试小E=0,0.0012207332
是否肾脏疾病=0.0,0.0012129808
感知-在1.5米处检测大E=1,0.0011859677
自我感觉嗅觉=迟钝,0.0011417697
生命质量评估-6）在过去4个星期里，您是否情绪方面的原因（比如感到沮丧或者焦虑）而令您在工作或日常生活中感到力不从心？=1.0,0.0011403904
小腿围=Missing,0.0011181413
低密度脂蛋白=Missing,0.0010821008
是否其他神经疾病=1.0,0.0010793932
跌倒评估-4静脉输液/置管/使用药物治疗=20.0,0.001064754
查尔森合并症-淋巴瘤=无,0.0010586269
认知-文化水平=2,0.0010549456
区=凤庆县,0.0010421483
查尔森合并症-结缔组织疾病=Other,0.0010298722
认知-您现在在哪个省（市）=0,0.0010110397
腰围=78.0,0.0009854789
尿酸=Other,0.00094963115
生命质量评估-1）总体来讲，您的健康状况是=4.0,0.00094804645
认知-文化水平=0,0.00094323757
活力-过去三个月内体重下降情况,0.00092546927
甘油三酯=Other,0.0009230841
IADL量表-4管理财务=Missing,0.00091936736
臀围=85.0,0.000918762
腰围=102.0,0.0008996643
甘油三酯=Missing,0.0008985283
白蛋白=Missing,0.0008978886
臀围=90.0,0.00089269795
低密度脂蛋白=Other,0.00086268457
臀围=89.0,0.0008610571
腰围=Missing,0.0008503013
查尔森合并症-慢性肺疾病=Missing,0.0008355903
查尔森合并症-消化性溃疡疾病=Missing,0.0008065218
区=九台区,0.0007811492
冠心病心绞痛发病年数=Missing,0.00077706703
运动-双脚并拢站立10秒-保持时间为:,0.00076506386
生活行为与社会功能评估-4您过去的一周内是否感觉孤独？=2-1,0.000748006
生命质量评估-2）中等强度的活动。如移动一张桌子、扫地、打太极拳、做简单体操等？=1.0,0.00074173405
活力-如不能取得BMI，请以下面小腿围代替问题6,0.00072432286
是否冠心病心绞痛=1.0,0.00072193303
生活行为与社会功能评估-5目前的收入（包括现金和实物）是否能够维持您的日常开支？=1-0,0.0007218667
一生主要从事=0.0,0.0007174202
冠心病心绞痛发病年数=Other,0.00071357575
区=城中区,0.00071136834
弹性评估-5我能很好地规划自己的日常生活=1.0,0.0007000119
认知-给您一张纸请您按我说的去做-用两只手将它对折起来=1,0.00069973874
同型半胱氨酸=9.0,0.00069671735
是否焦虑抑郁症=0.0,0.0006931399
高血压发病年数=2.0,0.0006661559
生命质量评估-1）总体来讲，您的健康状况是=2.0,0.00065967545
冠心病心绞痛发病年数=5.0,0.0006565483
是否骨关节病=1.0,0.0006528536
运动是否完成编码=2,0.00065062544
白蛋白=37.0,0.00064764364
认知-出示铅笔：请问这是什么东西？=0,0.0006448934
糖尿病发病年数=30.0,0.0006402904
是否心肌梗死=1.0,0.00062674494
腰围=80.0,0.0006259309
Fried衰弱表型评估-1)在过去的6个月里，您的一只手或双手有没有做过手术或者发生任何肿胀、发炎、严重疼痛或受伤？=1.0,0.0006258807
运动-从椅子上站起，让其尽快地起立5次-完成次数为,0.00061125465
是否胃肠疾病=0.0,0.0006020131
是否肾脏疾病=1.0,0.0005936359
运动是否完成编码=0,0.00058903644
腰围=97.0,0.0005847866
认知-重复三样东西名字-皮球=0,0.00057921594
生活行为与社会功能评估-6您有可以讲心里话的家人/朋友吗？=2-1,0.00056404073
民族,0.000556326
查尔森合并症-充血性心力衰竭=Other,0.00054999266
认知-给您一张纸请您按我说的去做-用右手拿着这张纸=1,0.00053013803
活力-总分,0.0005288318
Fried衰弱表型评估-4米行走第一次,0.00052157574
查尔森合并症-艾滋病=Missing,0.0005161044
高血压发病年数=8.0,0.0005152995
衰弱快速筛查量表-3您每天体育锻炼（室外活动）大于30min么（或3h/周)？=Missing,0.0005147345
查尔森合并症-中度到重度肾疾病=Missing,0.00051283516
小腿围=35.0,0.00050887215
查尔森合并症-结缔组织疾病=无,0.00050257647
IADL量表-4管理财务=1.0,0.0004962738
慢病症状-排尿不畅或困难=0.0,0.0004914492
IADL量表-4管理财务=3.0,0.00048226403
跌倒评估-13月内有无跌倒/视觉障碍=0.0,0.00047424945
臀围=92.0,0.00047297988
活力-BMI值,0.00046960663
肌少症评估-总分,0.0004693516
认知-请您照着这个样子把它画下来=0,0.00046253044
是否脑出血=1.0,0.00046190183
感知-第三行看到≥3个E的方向=1,0.0004515629
红细胞=4.5,0.00044995567
Fried衰弱表型评估-④中度及以上强度活动（跳舞，保龄，高尔夫，游泳，乒乓球，足球，篮球，跑步，爬山等）=Missing,0.00044841346
ADL量表-2洗澡=Missing,0.00044490307
弹性评估-14我经常参加社区服务等社会活动=3.0,0.00043216982
生活行为与社会功能评估-8您是否喝酒？=3.0,0.00042725194
性别=男,0.00040785735
查尔森合并症-淋巴瘤=Other,0.0004029377
查尔森合并症-中度到重度肾疾病=无,0.00039681714
查尔森合并症-糖尿病伴器官损害=有,0.00039301298
白内障发病年数=Missing,0.00039106657
衰弱快速筛查量表-1您能步行250米么？=Missing,0.00038471151
认知-请您照着这个样子把它画下来=1,0.0003825161
健康状态=好,0.00038046777
心理-您是否觉得生活空虚？=1,0.00037784598
衰弱快速筛查量表-5您近1年体重下降≥5%么？,0.0003776225
高血压发病年数=14.0,0.00037397063
是否慢性肝病=Missing,0.000370128
IADL量表-6服务药物=1.0,0.00036912292
查尔森合并症-淋巴瘤=Missing,0.00036660876
弹性评估-1我的身体状况比同龄人要好=2.0,0.00036497557
弹性评估-12我的收入能够维持日常开支=4.0,0.0003627719
高血压发病年数=3.0,0.00036181996
是否其他心血管疾病=Missing,0.00034243774
年龄,0.00033843715
弹性评估-6我能处理一些不愉快或痛苦的情绪=3.0,0.00033640277
慢病症状-失眠=1.0,0.00033407618
慢病症状-头晕=0.0,0.0003253377
感知-视力=不通过,0.00032486703
查尔森合并症-消化性溃疡疾病=有,0.000323181
IADL量表-3上街购物=Missing,0.00031979458
区=南关区,0.00031023278
健康状态=很差,0.00030627378
弹性评估-1我的身体状况比同龄人要好=5.0,0.00030505704
生命质量评估-8）在过去的4个星期里，您身体上的疼痛对您的日常工作（包括上班和家务）有多大影响？=5.0,0.00030488003
步态异常-编码=无,0.00030445977
高密度脂蛋白=Other,0.00029487957
ADL量表-5控制大便=Other,0.00028723985
尿素氮=Missing,0.00028681822
小腿围=36.0,0.0002868124
小腿围=Other,0.0002856433
肌少症评估-4爬10层台阶是否存在困难？=2.0,0.00028370536
白内障发病年数=10.0,0.00028351007
Fried衰弱表型评估-2)习惯用手=1.0,0.0002833693
查尔森合并症-脑血管疾病=有,0.00028239455
IADL量表-2做饭=2.0,0.0002808625
查尔森合并症-白血病=Missing,0.00027145087
总胆固醇=Missing,0.00027127928
查尔森合并症-痴呆=无,0.00027009903
认知-重复计算-第2次=0,0.0002638138
查尔森合并症-痴呆=Other,0.0002632814
查尔森合并症-白血病=Other,0.00024858935
Fried衰弱表型评估-我感觉做任何事都很费力=Missing,0.00024463577
同型半胱氨酸=Other,0.00024391458
心理-您是否已经放弃了许多活动与兴趣？=0,0.00024106268
认知-重复计算-第1次=0,0.00024013748
冠心病心绞痛治疗状态=2.0,0.00023890025
活力-神经心理问题=0,0.00023482527
是否白内障=1.0,0.00022700996
臀围=88.0,0.000219983
白内障发病年数=1.0,0.00021909985
生命质量评估-8）在过去的4个星期里，您身体上的疼痛对您的日常工作（包括上班和家务）有多大影响？=3.0,0.00021300845
运动-从椅子上站起，让其尽快地起立5次-完成时间为,0.00021116766
认知-给您一张纸请您按我说的去做-用两只手将它对折起来=0,0.00020669727
红细胞=4.3,0.00020373166
冠心病心绞痛治疗状态=Missing,0.00020337118
尿酸=Missing,0.00020129241
查尔森合并症-糖尿病=无,0.00019663214
是否肿瘤=1.0,0.00019473498
高血压发病年数=12.0,0.00019400797
高血压发病年数=1.0,0.00019122737
弹性评估-10我有可以讲心里话的人=3.0,0.00018874794
省=内蒙古自治区,0.00018746572
衰弱快速筛查量表-1您能步行250米么？=1.0,0.0001862271
弹性评估-8当生活环境改变，我可以很好地适应=1.0,0.00018599171
区=西城区,0.00018390104
红细胞=4.7,0.00018359748
运动是否完成编码=1,0.00018017301
腰围=92.0,0.00017984182
区=柳南区,0.00017932705
生活行为与社会功能评估-7您是否有吸烟习惯？=Missing,0.00017751836
Fried衰弱表型评估-我感觉做任何事都很费力=4-1,0.0001774359
认知-回忆三种东西名字2=0,0.00017705608
弹性评估-1我的身体状况比同龄人要好=1.0,0.00017578484
衰弱快速筛查量表-1您能步行250米么？=0.0,0.00017325676
认知-出示手表：请问这是什么东西？=1,0.00016979987
脑血栓发病年数=5.0,0.00016899433
查尔森合并症-中度到重度肾疾病=Other,0.00016721635
是否白内障=Missing,0.00016635825
慢病症状-尿失禁=0.0,0.00016478187
IADL量表-7使用交通工具=1.0,0.00016216285
白蛋白=Other,0.00016175548
查尔森合并症-冠状动脉疾病=无,0.00016163425
查尔森合并症-白血病=无,0.00016097292
生命质量评估-8）在过去的4个星期里，您身体上的疼痛对您的日常工作（包括上班和家务）有多大影响？=4.0,0.00016074236
衰弱快速筛查量表-您近1周常有以下感觉么(>3 天)-做任何事都很费力或什么事情都不想干=1.0,0.0001535964
查尔森合并症-周围性血管疾病=有,0.00015195194
慢病症状-失眠=0.0,0.0001509692
查尔森合并症-轻微的肝脏疾病=有,0.00014779501
是否痴呆=Missing,0.00014385408
查尔森合并症-偏瘫=Missing,0.00014287878
糖尿病发病年数=12.0,0.00013949211
Fried衰弱表型评估-3)是否完成4米行走:=Missing,0.00013914106
空腹血糖=Missing,0.00013382119
脑血栓发病年数=Other,0.00013028985
心理-您是否觉得生活空虚？=0,0.00012929738
是否慢性肝病=0.0,0.00012605963
认知-现在是几号=1,0.00012388403
查尔森合并症-糖尿病=有,0.00012356933
是否痴呆=Other,0.00012249062
查尔森合并症-消化性溃疡疾病=无,0.000121954785
查尔森合并症-慢性肺疾病=有,0.00011823613
查尔森合并症-脑血管疾病=无,0.00010782834
查尔森合并症-艾滋病=无,0.000105061496
运动-双脚前后成一直线站立10秒-保持时间为:,9.7405646e-05
红细胞=Other,8.8981455e-05
查尔森合并症-慢性肺疾病=无,8.735896e-05
生活行为与社会功能评估-8您是否喝酒？=1.0,8.0594225e-05
冠心病心绞痛发病年数=2.0,7.988957e-05
弹性评估-6我能处理一些不愉快或痛苦的情绪=4.0,6.9675e-05
认知-给您一张纸请您按我说的去做-用右手拿着这张纸=0,6.6148554e-05
慢病症状-头晕=1.0,6.4949345e-05
弹性评估-7如果我生病了，即使不能恢复到以前的身体状态，也会学着适应各种变化=Missing,6.199909e-05
糖尿病发病年数=1.0,5.7383873e-05
体脂率=Other,5.4076612e-05
慢病症状-头晕=Missing,5.244501e-05
ADL量表-7如厕=Missing,5.2346695e-05
心理-您是否觉得您的处境已毫无希望？=0,5.1374016e-05
腰围=83.0,4.7278896e-05
视力障碍是否影响日常=是,0.0
视力障碍是否影响日常=否,0.0
视力障碍=有,0.0
视力障碍=无,0.0
听力障碍是否影响日常=是,0.0
听力障碍是否影响日常=否,0.0
听力障碍=有,0.0
听力障碍=无,0.0
是否其他=Other,0.0
是否甲状腺功能亢进=Missing,0.0
慢病症状-尿失禁=Missing,0.0
查尔森合并症-轻微的肝脏疾病=无,0.0
查尔森合并症-周围性血管疾病=无,0.0
查尔森合并症-周围性血管疾病=Missing,0.0
查尔森合并症-冠状动脉疾病=有,0.0
查尔森合并症-冠状动脉疾病=Missing,0.0
慢病症状-便秘=Missing,0.0
慢病症状-便秘=1.0,0.0
慢病症状-便秘=0.0,0.0
慢病症状-行动不便（缓/跛）=1.0,0.0
慢病症状-反复关节疼痛=Missing,0.0
是否甲状腺功能亢进=1.0,0.0
是否甲状腺功能亢进=0.0,0.0
是否甲状腺功能减退=Missing,0.0
是否甲状腺功能减退=1.0,0.0
是否甲状腺功能减退=0.0,0.0
是否前列腺病（问男）=Missing,0.0
是否前列腺病（问男）=1.0,0.0
是否前列腺病（问男）=0.0,0.0
是否青光眼=Missing,0.0
是否青光眼=1.0,0.0
是否青光眼=0.0,0.0
白内障治疗状态=Missing,0.0
白内障治疗状态=2.0,0.0
白内障治疗状态=1.0,0.0
白内障治疗状态=0.0,0.0
查尔森合并症-痴呆=Missing,0.0
查尔森合并症-在5年内任何肿瘤=有,0.0
查尔森合并症-在5年内任何肿瘤=无,0.0
查尔森合并症-在5年内任何肿瘤=Missing,0.0
查尔森合并症-糖尿病伴器官损害=无,0.0
衰弱快速筛查量表-您近1周常有以下感觉么(>3 天)-做任何事都很费力或什么事情都不想干=Missing,0.0
查尔森合并症-糖尿病=Missing,0.0
查尔森合并症-脑血管疾病=Missing,0.0
查尔森合并症-结缔组织疾病=Missing,0.0
白内障发病年数=5.0,0.0
白内障发病年数=3.0,0.0
白内障发病年数=2.0,0.0
是否白内障=0.0,0.0
是否肿瘤=Missing,0.0
是否肿瘤=0.0,0.0
是否骨质疏松=Missing,0.0
是否骨质疏松=1.0,0.0
是否骨质疏松=0.0,0.0
是否骨关节病=Missing,0.0
腰围=86.0,0.0
腰围=85.0,0.0
腰围=84.0,0.0
腰围=82.0,0.0
腰围=76.0,0.0
腰围=100.0,0.0
查尔森合并症-转移性实体肿瘤=无,0.0
查尔森合并症-转移性实体肿瘤=Other,0.0
查尔森合并症-中度到严重的肝脏疾病=无,0.0
查尔森合并症-中度到严重的肝脏疾病=Other,0.0
查尔森合并症-中度到严重的肝脏疾病=Missing,0.0
查尔森合并症-偏瘫=无,0.0
查尔森合并症-偏瘫=Other,0.0
臀围=98.0,0.0
臀围=97.0,0.0
臀围=96.0,0.0
臀围=95.0,0.0
臀围=94.0,0.0
臀围=93.0,0.0
臀围=106.0,0.0
腰围=96.0,0.0
腰围=95.0,0.0
腰围=94.0,0.0
腰围=93.0,0.0
腰围=90.0,0.0
腰围=88.0,0.0
腰围=87.0,0.0
小腿围=33.0,0.0
小腿围=32.0,0.0
是否骨关节病=0.0,0.0
糖尿病治疗状态=Missing,0.0
糖尿病治疗状态=2.0,0.0
糖尿病治疗状态=1.0,0.0
糖尿病治疗状态=0.0,0.0
糖尿病发病年数=Other,0.0
糖尿病发病年数=Missing,0.0
糖尿病发病年数=8.0,0.0
糖尿病发病年数=7.0,0.0
糖尿病发病年数=6.0,0.0
糖尿病发病年数=5.0,0.0
糖尿病发病年数=4.0,0.0
糖尿病发病年数=3.0,0.0
糖尿病发病年数=20.0,0.0
糖尿病发病年数=2.0,0.0
糖尿病发病年数=15.0,0.0
糖尿病发病年数=10.0,0.0
是否糖尿病=Missing,0.0
是否糖尿病=1.0,0.0
是否糖尿病=0.0,0.0
是否其他神经疾病=Missing,0.0
是否焦虑抑郁症=Missing,0.0
是否神经衰弱=1.0,0.0
小腿围=38.0,0.0
小腿围=37.0,0.0
小腿围=34.0,0.0
是否癫痫=0.0,0.0
是否帕金森=Missing,0.0
是否帕金森=1.0,0.0
是否帕金森=0.0,0.0
是否脑血管病（TIA）=Missing,0.0
是否脑血管病（TIA）=1.0,0.0
是否脑血管病（TIA）=0.0,0.0
是否脑出血=Missing,0.0
是否脑出血=0.0,0.0
肌酐=Other,0.0
肌酐=Missing,0.0
高密度脂蛋白=Missing,0.0
糖化血红蛋白=Missing,0.0
红细胞=4.8,0.0
红细胞=4.6,0.0
红细胞=4.4,0.0
红细胞=4.2,0.0
白细胞=Other,0.0
白细胞=Missing,0.0
门冬氨酸氨基转移酶=Other,0.0
门冬氨酸氨基转移酶=Missing,0.0
门冬氨酸氨基转移酶=18.0,0.0
是否神经衰弱=0.0,0.0
是否癫痫=Other,0.0
是否癫痫=Missing,0.0
认知-现在是星期几=1,0.0
认知-现在是星期几=0,0.0
认知-现在是几号=0,0.0
认知-现在是几月份=1,0.0
认知-现在是几月份=0,0.0
认知-现在是什么季节=1,0.0
认知-现在是什么季节=0,0.0
认知-现在是哪一年=1,0.0
认知-现在是哪一年=0,0.0
血红蛋白=Other,0.0
血红蛋白=Missing,0.0
血小板=Other,0.0
血小板=Missing,0.0
红细胞=Missing,0.0
认知-重复计算-第1次=1,0.0
认知-重复三样东西名字-树木=1,0.0
认知-重复三样东西名字-树木=0,0.0
认知-重复三样东西名字-国旗=1,0.0
认知-重复三样东西名字-国旗=0,0.0
认知-重复三样东西名字-皮球=1,0.0
认知-这里是什么地方=1,0.0
认知-这里是什么地方=0,0.0
认知-您现在在第几层楼=1,0.0
认知-您现在在第几层楼=0,0.0
认知-您现在在哪个乡（镇、街道）=1,0.0
认知-您现在在哪个乡（镇、街道）=0,0.0
认知-您现在在哪个县（区）=1,0.0
认知-您现在在哪个县（区）=0,0.0
认知-您现在在哪个省（市）=1,0.0
认知-出示手表：请问这是什么东西？=0,0.0
认知-回忆三种东西名字3=1,0.0
认知-回忆三种东西名字3=0,0.0
认知-回忆三种东西名字2=1,0.0
认知-回忆三种东西名字1=1,0.0
认知-回忆三种东西名字1=0,0.0
认知-重复计算-第5次=1,0.0
认知-重复计算-第5次=0,0.0
认知-重复计算-第4次=1,0.0
认知-重复计算-第4次=0,0.0
认知-重复计算-第3次=1,0.0
认知-重复计算-第3次=0,0.0
认知-重复计算-第2次=1,0.0
心理-您对生活基本上满意吗？=0,0.0
认知-文化水平=Other,0.0
认知-文化水平=4,0.0
认知-文化水平=3,0.0
认知-文化水平=1,0.0
认知-请您写一个完整的句子，必须有主语、动词，有一定的内容=1,0.0
认知-请您写一个完整的句子，必须有主语、动词，有一定的内容=0,0.0
认知-给您一张纸请您按我说的去做-放在您的大腿上=1,0.0
认知-给您一张纸请您按我说的去做-放在您的大腿上=0,0.0
认知- 请您念一念这句话，并按照这句话的意思去做=1,0.0
认知- 请您念一念这句话，并按照这句话的意思去做=0,0.0
认知- 请您跟我说（停顿片刻）=1,0.0
认知- 请您跟我说（停顿片刻）=0,0.0
认知-出示铅笔：请问这是什么东西？=1,0.0
心理-您是否觉得像现在这样活着毫无意义？=0,0.0
心理-您觉得现在活得很惬意吗？=1,0.0
心理-您觉得现在活得很惬意吗？=0,0.0
心理-您是否觉得记忆力比以前差？=1,0.0
心理-您是否觉得记忆力比以前差？=0,0.0
心理-您是否希望呆在家里而不愿去做些新鲜事？=1,0.0
心理-您是否希望呆在家里而不愿去做些新鲜事？=0,0.0
心理-您是否常感到孤立无援？=1,0.0
心理-您是否常感到孤立无援？=0,0.0
心理-您是否害怕会有不幸的事情落到您头上？=1,0.0
心理-您是否害怕会有不幸的事情落到您头上？=0,0.0
心理-您是否常感到厌倦？=1,0.0
心理-您是否常感到厌倦？=0,0.0
心理-您对生活基本上满意吗？=1,0.0
脑血栓治疗状态=Other,0.0
脑血栓治疗状态=2.0,0.0
脑血栓发病年数=Missing,0.0
脑血栓发病年数=4.0,0.0
脑血栓发病年数=3.0,0.0
脑血栓发病年数=2.0,0.0
脑血栓发病年数=10.0,0.0
脑血栓发病年数=1.0,0.0
是否脑血栓=Missing,0.0
是否脑血栓=1.0,0.0
是否脑血栓=0.0,0.0
是否肾脏疾病=Missing,0.0
心理-您是否觉得像现在这样活着毫无意义？=1,0.0
感知-听力=通过,0.0
感知-听力=不通过,0.0
感知-视力=通过,0.0
感知-第三行看到≥3个E的方向=0,0.0
感知-第二行看到≥3个E的方向=1,0.0
感知-第二行看到≥3个E的方向=0,0.0
感知-第一行看到≥3个E的方向=1,0.0
感知-在3米处测试小E=1,0.0
感知-在3米处检测大E=1,0.0
感知-在3米处检测大E=0,0.0
感知-在1.5米处检测大E=0,0.0
心理-您集中精力有困难吗？=1,0.0
心理-您集中精力有困难吗？=0,0.0
心理-您是否觉得大多数人比您强得多？=1,0.0
心理-您是否觉得大多数人比您强得多？=0,0.0
心理-您是否觉得您的处境已毫无希望？=1,0.0
是否胃肠疾病=Missing,0.0
是否胃肠疾病=1.0,0.0
是否其他呼吸疾病=Missing,0.0
是否其他呼吸疾病=1.0,0.0
是否其他呼吸疾病=0.0,0.0
是否慢阻肺=Missing,0.0
是否其他心血管疾病=1.0,0.0
活力-神经心理问题=2,0.0
活力-神经心理问题=1,0.0
活力-既往3个月内有无重大心理变化或急性疾病=2,0.0
活力-活动能力=2,0.0
活力-活动能力=1,0.0
活力-过去三个月内有没有因为食欲不振、消化问题、咀嚼或吞咽困难而摄食减少=2,0.0
活力-过去三个月内有没有因为食欲不振、消化问题、咀嚼或吞咽困难而摄食减少=1,0.0
活力-过去三个月内有没有因为食欲不振、消化问题、咀嚼或吞咽困难而摄食减少=0,0.0
IADL量表-3上街购物=2.0,0.0
IADL量表-3上街购物=1.0,0.0
IADL量表-2做饭=Missing,0.0
IADL量表-2做饭=3.0,0.0
IADL量表-2做饭=1.0,0.0
IADL量表-1打电话=Missing,0.0
IADL量表-1打电话=2.0,0.0
IADL量表-1打电话=1.0,0.0
是否完整数据=缺失,0.0
步态异常-编码=有,0.0
Fried衰弱表型评估-③低强度活动（太极，气功，瑜伽，击剑，武术等）=4.0,0.0
活力-营养描述结果=营养不良风险,0.0
活力-营养描述结果=营养不良状态,0.0
活力-营养描述结果=正常营养状态,0.0
是否慢性肝病=1.0,0.0
Fried衰弱表型评估-③低强度活动（太极，气功，瑜伽，击剑，武术等）=Missing,0.0
IADL量表-8洗个人小衣物=Missing,0.0
IADL量表-8洗个人小衣物=3.0,0.0
IADL量表-8洗个人小衣物=2.0,0.0
IADL量表-8洗个人小衣物=1.0,0.0
IADL量表-7使用交通工具=Missing,0.0
IADL量表-7使用交通工具=3.0,0.0
IADL量表-7使用交通工具=2.0,0.0
Fried衰弱表型评估-④中度及以上强度活动（跳舞，保龄，高尔夫，游泳，乒乓球，足球，篮球，跑步，爬山等）=1.0,0.0
IADL量表-6服务药物=3.0,0.0
IADL量表-6服务药物=2.0,0.0
IADL量表-5整理家务=Missing,0.0
IADL量表-5整理家务=3.0,0.0
IADL量表-5整理家务=2.0,0.0
IADL量表-5整理家务=1.0,0.0
IADL量表-4管理财务=2.0,0.0
IADL量表-3上街购物=3.0,0.0
ADL量表-3修饰（洗脸、刷牙、刮脸、梳头）=5.0,0.0
ADL量表-3修饰（洗脸、刷牙、刮脸、梳头）=0.0,0.0
是否其他心血管疾病=0.0,0.0
是否心肌梗死=Missing,0.0
是否心肌梗死=0.0,0.0
Fried衰弱表型评估-④中度及以上强度活动（跳舞，保龄，高尔夫，游泳，乒乓球，足球，篮球，跑步，爬山等）=2.0,0.0
Fried衰弱表型评估-④中度及以上强度活动（跳舞，保龄，高尔夫，游泳，乒乓球，足球，篮球，跑步，爬山等）=3.0,0.0
冠心病心绞痛治疗状态=1.0,0.0
冠心病心绞痛发病年数=20.0,0.0
Fried衰弱表型评估-④中度及以上强度活动（跳舞，保龄，高尔夫，游泳，乒乓球，足球，篮球，跑步，爬山等）=4.0,0.0
ADL量表-2洗澡=5.0,0.0
ADL量表-2洗澡=0.0,0.0
ADL量表-1进食=Missing,0.0
ADL量表-1进食=5.0,0.0
ADL量表-1进食=10.0,0.0
ADL量表-1进食=0.0,0.0
ADL量表-8床椅移动=0.0,0.0
Fried衰弱表型评估-2)您每天体育锻炼（室外活动）大于30min么（或3h/周)？=Missing,0.0
ADL量表-7如厕=5.0,0.0
ADL量表-7如厕=10.0,0.0
ADL量表-7如厕=0.0,0.0
ADL量表-6控制小便=Missing,0.0
ADL量表-6控制小便=5.0,0.0
ADL量表-6控制小便=10.0,0.0
ADL量表-6控制小便=0.0,0.0
ADL量表-5控制大便=5.0,0.0
ADL量表-5控制大便=10.0,0.0
ADL量表-4穿衣（穿脱衣服、鞋袜、系鞋带、扣子、拉链）=Missing,0.0
ADL量表-4穿衣（穿脱衣服、鞋袜、系鞋带、扣子、拉链）=5.0,0.0
ADL量表-4穿衣（穿脱衣服、鞋袜、系鞋带、扣子、拉链）=10.0,0.0
ADL量表-4穿衣（穿脱衣服、鞋袜、系鞋带、扣子、拉链）=0.0,0.0
ADL量表-3修饰（洗脸、刷牙、刮脸、梳头）=Missing,0.0
弹性评估-1我的身体状况比同龄人要好=4.0,0.0
弹性评估-1我的身体状况比同龄人要好=3.0,0.0
衰弱快速筛查量表-您近1周常有以下感觉么(>3 天)-做任何事都很费力或什么事情都不想干=0.0,0.0
ADL量表-10上下楼梯=Missing,0.0
ADL量表-10上下楼梯=5.0,0.0
ADL量表-10上下楼梯=10.0,0.0
ADL量表-10上下楼梯=0.0,0.0
ADL量表-9平地行走45米=Missing,0.0
ADL量表-9平地行走45米=5.0,0.0
ADL量表-9平地行走45米=15.0,0.0
ADL量表-9平地行走45米=10.0,0.0
ADL量表-9平地行走45米=0.0,0.0
ADL量表-8床椅移动=Missing,0.0
ADL量表-8床椅移动=5.0,0.0
ADL量表-8床椅移动=15.0,0.0
ADL量表-8床椅移动=10.0,0.0
弹性评估-6我能处理一些不愉快或痛苦的情绪=5.0,0.0
Fried衰弱表型评估-③低强度活动（太极，气功，瑜伽，击剑，武术等）=3.0,0.0
弹性评估-6我能处理一些不愉快或痛苦的情绪=2.0,0.0
弹性评估-6我能处理一些不愉快或痛苦的情绪=1.0,0.0
弹性评估-5我能很好地规划自己的日常生活=Missing,0.0
弹性评估-5我能很好地规划自己的日常生活=5.0,0.0
弹性评估-5我能很好地规划自己的日常生活=4.0,0.0
弹性评估-5我能很好地规划自己的日常生活=3.0,0.0
弹性评估-5我能很好地规划自己的日常生活=2.0,0.0
弹性评估-2我的食欲很好=Missing,0.0
弹性评估-2我的食欲很好=5.0,0.0
弹性评估-2我的食欲很好=4.0,0.0
弹性评估-2我的食欲很好=3.0,0.0
弹性评估-2我的食欲很好=2.0,0.0
弹性评估-2我的食欲很好=1.0,0.0
弹性评估-1我的身体状况比同龄人要好=Missing,0.0
弹性评估-9当我生病或遇到困难时，会有人给我鼓励和帮助=5.0,0.0
弹性评估-9当我生病或遇到困难时，会有人给我鼓励和帮助=4.0,0.0
弹性评估-9当我生病或遇到困难时，会有人给我鼓励和帮助=3.0,0.0
弹性评估-9当我生病或遇到困难时，会有人给我鼓励和帮助=2.0,0.0
弹性评估-9当我生病或遇到困难时，会有人给我鼓励和帮助=1.0,0.0
弹性评估-8当生活环境改变，我可以很好地适应=Missing,0.0
弹性评估-8当生活环境改变，我可以很好地适应=5.0,0.0
弹性评估-8当生活环境改变，我可以很好地适应=3.0,0.0
Fried衰弱表型评估-③低强度活动（太极，气功，瑜伽，击剑，武术等）=2.0,0.0
Fried衰弱表型评估-③低强度活动（太极，气功，瑜伽，击剑，武术等）=1.0,0.0
弹性评估-7如果我生病了，即使不能恢复到以前的身体状态，也会学着适应各种变化=5.0,0.0
弹性评估-7如果我生病了，即使不能恢复到以前的身体状态，也会学着适应各种变化=4.0,0.0
弹性评估-7如果我生病了，即使不能恢复到以前的身体状态，也会学着适应各种变化=3.0,0.0
弹性评估-7如果我生病了，即使不能恢复到以前的身体状态，也会学着适应各种变化=2.0,0.0
弹性评估-7如果我生病了，即使不能恢复到以前的身体状态，也会学着适应各种变化=1.0,0.0
弹性评估-6我能处理一些不愉快或痛苦的情绪=Missing,0.0
弹性评估-12我的收入能够维持日常开支=3.0,0.0
弹性评估-12我的收入能够维持日常开支=2.0,0.0
弹性评估-12我的收入能够维持日常开支=1.0,0.0
弹性评估-11我有得到健康知识的方法和途径=Missing,0.0
弹性评估-11我有得到健康知识的方法和途径=5.0,0.0
弹性评估-11我有得到健康知识的方法和途径=4.0,0.0
弹性评估-11我有得到健康知识的方法和途径=3.0,0.0
弹性评估-11我有得到健康知识的方法和途径=2.0,0.0
弹性评估-11我有得到健康知识的方法和途径=1.0,0.0
弹性评估-10我有可以讲心里话的人=Missing,0.0
弹性评估-10我有可以讲心里话的人=5.0,0.0
弹性评估-10我有可以讲心里话的人=4.0,0.0
Fried衰弱表型评估-②室外活动（园艺等）=Missing,0.0
弹性评估-10我有可以讲心里话的人=2.0,0.0
弹性评估-10我有可以讲心里话的人=1.0,0.0
弹性评估-9当我生病或遇到困难时，会有人给我鼓励和帮助=Missing,0.0
冠心病心绞痛发病年数=15.0,0.0
冠心病心绞痛发病年数=10.0,0.0
冠心病心绞痛发病年数=1.0,0.0
是否冠心病心绞痛=Missing,0.0
高血压治疗状态=2.0,0.0
高血压治疗状态=1.0,0.0
高血压治疗状态=0.0,0.0
高血压发病年数=Other,0.0
高血压发病年数=Missing,0.0
高血压发病年数=6.0,0.0
高血压发病年数=5.0,0.0
弹性评估-13我有自己的个人爱好或休闲方式=3.0,0.0
弹性评估-13我有自己的个人爱好或休闲方式=2.0,0.0
弹性评估-13我有自己的个人爱好或休闲方式=1.0,0.0
弹性评估-12我的收入能够维持日常开支=Missing,0.0
弹性评估-12我的收入能够维持日常开支=5.0,0.0
生命质量评估-3）是否影响您爬几层楼梯？=3.0,0.0
生命质量评估-3）是否影响您爬几层楼梯？=2.0,0.0
生命质量评估-3）是否影响您爬几层楼梯？=1.0,0.0
生命质量评估-2）中等强度的活动。如移动一张桌子、扫地、打太极拳、做简单体操等？=Missing,0.0
生命质量评估-2）中等强度的活动。如移动一张桌子、扫地、打太极拳、做简单体操等？=3.0,0.0
生命质量评估-2）中等强度的活动。如移动一张桌子、扫地、打太极拳、做简单体操等？=2.0,0.0
生命质量评估-1）总体来讲，您的健康状况是=3.0,0.0
生命质量评估-1）总体来讲，您的健康状况是=1.0,0.0
弹性评估-14我经常参加社区服务等社会活动=Missing,0.0
弹性评估-14我经常参加社区服务等社会活动=5.0,0.0
弹性评估-14我经常参加社区服务等社会活动=4.0,0.0
弹性评估-14我经常参加社区服务等社会活动=2.0,0.0
弹性评估-14我经常参加社区服务等社会活动=1.0,0.0
弹性评估-13我有自己的个人爱好或休闲方式=Missing,0.0
弹性评估-13我有自己的个人爱好或休闲方式=5.0,0.0
弹性评估-13我有自己的个人爱好或休闲方式=4.0,0.0
生命质量评估-7）在过去4个星期的工作和日常生活中，您是否因为情绪方面的原因（比如感到沮丧或者焦虑）而令您的工作或活动受到限制？=2.0,0.0
生命质量评估-7）在过去4个星期的工作和日常生活中，您是否因为情绪方面的原因（比如感到沮丧或者焦虑）而令您的工作或活动受到限制？=1.0,0.0
高血压发病年数=30.0,0.0
高血压发病年数=25.0,0.0
高血压发病年数=15.0,0.0
高血压发病年数=13.0,0.0
Fried衰弱表型评估-②室外活动（园艺等）=4.0,0.0
高血压发病年数=10.0,0.0
Fried衰弱表型评估-②室外活动（园艺等）=3.0,0.0
生命质量评估-6）在过去4个星期里，您是否情绪方面的原因（比如感到沮丧或者焦虑）而令您在工作或日常生活中感到力不从心？=Missing,0.0
生命质量评估-5）在过去4个星期的工作和日常生活中，您是否因为身体健康的原因而令您的工作或活动受到限制？=2.0,0.0
生命质量评估-5）在过去4个星期的工作和日常生活中，您是否因为身体健康的原因而令您的工作或活动受到限制？=1.0,0.0
生命质量评估-4）在过去4个星期里，您是否会因为身体健康的原因，在日常生活或工作中感到力不从心？=Missing,0.0
生命质量评估-4）在过去4个星期里，您是否会因为身体健康的原因，在日常生活或工作中感到力不从心？=2.0,0.0
生命质量评估-4）在过去4个星期里，您是否会因为身体健康的原因，在日常生活或工作中感到力不从心？=1.0,0.0
生命质量评估-3）是否影响您爬几层楼梯？=Missing,0.0
跌倒评估-3使用助行器具=0.0,0.0
健康状态=很好,0.0
健康状态=差,0.0
健康状态=一般,0.0
跌倒评估-2超过一个疾病诊断=Missing,0.0
跌倒评估-2超过一个疾病诊断=15.0,0.0
跌倒评估-2超过一个疾病诊断=0.0,0.0
跌倒评估-13月内有无跌倒/视觉障碍=Missing,0.0
跌倒评估-13月内有无跌倒/视觉障碍=25.0,0.0
生命质量评估-8）在过去的4个星期里，您身体上的疼痛对您的日常工作（包括上班和家务）有多大影响？=Missing,0.0
生命质量评估-8）在过去的4个星期里，您身体上的疼痛对您的日常工作（包括上班和家务）有多大影响？=6.0,0.0
Fried衰弱表型评估-②室外活动（园艺等）=2.0,0.0
Fried衰弱表型评估-②室外活动（园艺等）=1.0,0.0
生命质量评估-8）在过去的4个星期里，您身体上的疼痛对您的日常工作（包括上班和家务）有多大影响？=2.0,0.0
生命质量评估-8）在过去的4个星期里，您身体上的疼痛对您的日常工作（包括上班和家务）有多大影响？=1.0,0.0
生命质量评估-7）在过去4个星期的工作和日常生活中，您是否因为情绪方面的原因（比如感到沮丧或者焦虑）而令您的工作或活动受到限制？=Missing,0.0
肌少症评估-3从椅子或床起立是否存在困难，是否需要帮助？=0.0,0.0
肌少症评估-2步行穿过房间是否存在困难，是否需要帮助？=Missing,0.0
肌少症评估-2步行穿过房间是否存在困难，是否需要帮助？=2.0,0.0
肌少症评估-2步行穿过房间是否存在困难，是否需要帮助？=1.0,0.0
肌少症评估-2步行穿过房间是否存在困难，是否需要帮助？=0.0,0.0
跌倒评估-6认知能力=Missing,0.0
跌倒评估-6认知能力=15.0,0.0
跌倒评估-6认知能力=0.0,0.0
跌倒评估-5步态=Missing,0.0
跌倒评估-5步态=20.0,0.0
跌倒评估-5步态=10.0,0.0
跌倒评估-5步态=0.0,0.0
跌倒评估-4静脉输液/置管/使用药物治疗=Missing,0.0
跌倒评估-4静脉输液/置管/使用药物治疗=0.0,0.0
跌倒评估-3使用助行器具=30.0,0.0
跌倒评估-3使用助行器具=15.0,0.0
生活行为与社会功能评估-您经常进行以下闲暇活动吗?(打牌、下棋、花草园艺、养小动物、书法绘画拉奏吟唱钓鱼、逛公园、集邮及物品收藏、散步锻炼、运动、玩电脑、看电影听戏、与邻居等聊天等)=2-0,0.0
生活行为与社会功能评估-您经常进行以下闲暇活动吗?(打牌、下棋、花草园艺、养小动物、书法绘画拉奏吟唱钓鱼、逛公园、集邮及物品收藏、散步锻炼、运动、玩电脑、看电影听戏、与邻居等聊天等)=1-1,0.0
生活行为与社会功能评估-2您是否参与社区服务、帮助邻里等社会公益性活动（包括有偿或无偿）？=Missing,0.0
生活行为与社会功能评估-2您是否参与社区服务、帮助邻里等社会公益性活动（包括有偿或无偿）？=3-1,0.0
生活行为与社会功能评估-2您是否参与社区服务、帮助邻里等社会公益性活动（包括有偿或无偿）？=2-0,0.0
生活行为与社会功能评估-2您是否参与社区服务、帮助邻里等社会公益性活动（包括有偿或无偿）？=1-0,0.0
生活行为与社会功能评估-1过去1年，帮助家属/朋友做事（帮助别人）=Missing,0.0
生活行为与社会功能评估-1过去1年，帮助家属/朋友做事（帮助别人）=3-1,0.0
生活行为与社会功能评估-1过去1年，帮助家属/朋友做事（帮助别人）=2-0,0.0
生活行为与社会功能评估-1过去1年，帮助家属/朋友做事（帮助别人）=1-0,0.0
肌少症评估-4爬10层台阶是否存在困难？=Missing,0.0
肌少症评估-4爬10层台阶是否存在困难？=1.0,0.0
肌少症评估-4爬10层台阶是否存在困难？=0.0,0.0
肌少症评估-3从椅子或床起立是否存在困难，是否需要帮助？=Missing,0.0
肌少症评估-3从椅子或床起立是否存在困难，是否需要帮助？=2.0,0.0
肌少症评估-3从椅子或床起立是否存在困难，是否需要帮助？=1.0,0.0
Fried衰弱表型评估-①散步=Missing,0.0
Fried衰弱表型评估-①散步=4.0,0.0
经济状况=1.0,0.0
经济状况=0.0,0.0
人均可支配月收入水平=Missing,0.0
人均可支配月收入水平=0.0,0.0
一生主要从事=1.0,0.0
生活行为与社会功能评估-5目前的收入（包括现金和实物）是否能够维持您的日常开支？=4-1,0.0
生活行为与社会功能评估-5目前的收入（包括现金和实物）是否能够维持您的日常开支？=3-1,0.0
生活行为与社会功能评估-5目前的收入（包括现金和实物）是否能够维持您的日常开支？=2-0,0.0
生活行为与社会功能评估-4您过去的一周内是否感觉孤独？=Missing,0.0
生活行为与社会功能评估-4您过去的一周内是否感觉孤独？=3-1,0.0
生活行为与社会功能评估-4您过去的一周内是否感觉孤独？=1-0,0.0
生活行为与社会功能评估-您经常进行以下闲暇活动吗?(打牌、下棋、花草园艺、养小动物、书法绘画拉奏吟唱钓鱼、逛公园、集邮及物品收藏、散步锻炼、运动、玩电脑、看电影听戏、与邻居等聊天等)=Missing,0.0
生活行为与社会功能评估-您经常进行以下闲暇活动吗?(打牌、下棋、花草园艺、养小动物、书法绘画拉奏吟唱钓鱼、逛公园、集邮及物品收藏、散步锻炼、运动、玩电脑、看电影听戏、与邻居等聊天等)=4-0,0.0
生活行为与社会功能评估-您经常进行以下闲暇活动吗?(打牌、下棋、花草园艺、养小动物、书法绘画拉奏吟唱钓鱼、逛公园、集邮及物品收藏、散步锻炼、运动、玩电脑、看电影听戏、与邻居等聊天等)=3-0,0.0
生活行为与社会功能评估-您最常饮用的酒是(只选主要一种)？=Other,0.0
生活行为与社会功能评估-您最常饮用的酒是(只选主要一种)？=Missing,0.0
生活行为与社会功能评估-您最常饮用的酒是(只选主要一种)？=4.0,0.0
生活行为与社会功能评估-您最常饮用的酒是(只选主要一种)？=2.0,0.0
生活行为与社会功能评估-您最常饮用的酒是(只选主要一种)？=1.0,0.0
生活行为与社会功能评估-8您是否喝酒？=Missing,0.0
生活行为与社会功能评估-8您是否喝酒？=4.0,0.0
生活行为与社会功能评估-8您是否喝酒？=2.0,0.0
Fried衰弱表型评估-①散步=3.0,0.0
Fried衰弱表型评估-①散步=2.0,0.0
生活行为与社会功能评估-7您是否有吸烟习惯？=4.0,0.0
生活行为与社会功能评估-7您是否有吸烟习惯？=3.0,0.0
生活行为与社会功能评估-7您是否有吸烟习惯？=2.0,0.0
生活行为与社会功能评估-7您是否有吸烟习惯？=1.0,0.0
生活行为与社会功能评估-6您有可以讲心里话的家人/朋友吗？=Missing,0.0
生活行为与社会功能评估-6您有可以讲心里话的家人/朋友吗？=1-0,0.0
Fried衰弱表型评估-我感觉做任何事都很费力=2-0,0.0
Fried衰弱表型评估-我感觉做任何事都很费力=1-0,0.0
市=松原市,0.0
Fried衰弱表型评估-我感觉做任何事都很费力=0,0.0
"生活行为与社会功能评估-10过去2年里,您喝茶的频率如何？=Missing",0.0
"生活行为与社会功能评估-10过去2年里,您喝茶的频率如何？=5.0",0.0
"生活行为与社会功能评估-10过去2年里,您喝茶的频率如何？=4.0",0.0
"生活行为与社会功能评估-10过去2年里,您喝茶的频率如何？=3.0",0.0
"生活行为与社会功能评估-10过去2年里,您喝茶的频率如何？=2.0",0.0
"生活行为与社会功能评估-10过去2年里,您喝茶的频率如何？=1.0",0.0
"生活行为与社会功能评估-9过去2年里,您饮用咖啡的频率如何？=Other",0.0
"生活行为与社会功能评估-9过去2年里,您饮用咖啡的频率如何？=Missing",0.0
"生活行为与社会功能评估-9过去2年里,您饮用咖啡的频率如何？=5.0",0.0
"生活行为与社会功能评估-9过去2年里,您饮用咖啡的频率如何？=3.0",0.0
"生活行为与社会功能评估-9过去2年里,您饮用咖啡的频率如何？=2.0",0.0
"生活行为与社会功能评估-9过去2年里,您饮用咖啡的频率如何？=1.0",0.0
Fried衰弱表型评估-3)是否完成4米行走:=1.0,0.0
省=北京市,0.0
Fried衰弱表型评估-3)是否完成4米行走:=3.0,0.0
Fried衰弱表型评估-您近期是否因手术、外伤、或有其他健康状况可能对您行走造成限制?=Missing,0.0
Fried衰弱表型评估-您近期是否因手术、外伤、或有其他健康状况可能对您行走造成限制?=2.0,0.0
Fried衰弱表型评估-我什么事情都不想干=Other,0.0
Fried衰弱表型评估-我什么事情都不想干=Missing,0.0
Fried衰弱表型评估-我什么事情都不想干=4-1,0.0
Fried衰弱表型评估-我什么事情都不想干=3-1,0.0
Fried衰弱表型评估-我什么事情都不想干=2-0,0.0
Fried衰弱表型评估-我什么事情都不想干=1-0,0.0
Fried衰弱表型评估-我什么事情都不想干=0,0.0
Fried衰弱表型评估-我感觉做任何事都很费力=Other,0.0
慢病症状-反复关节疼痛=1.0,0.0
慢病症状-反复关节疼痛=0.0,0.0
Fried衰弱表型评估-我感觉做任何事都很费力=3-1,0.0
慢病症状-活动时胸闷或胸痛=0.0,0.0
自我感觉嗅觉=灵敏,0.0
慢病症状-活动气短、水肿=Missing,0.0
慢病症状-活动气短、水肿=1.0,0.0
慢病症状-活动气短、水肿=0.0,0.0
慢病症状-明显记忆下降=Missing,0.0
慢病症状-明显记忆下降=1.0,0.0
慢病症状-明显记忆下降=0.0,0.0
慢病症状-排尿不畅或困难=Missing,0.0
慢病症状-排尿不畅或困难=1.0,0.0
慢病症状-活动时胸闷或胸痛=1.0,0.0
衰弱快速筛查量表-3您每天体育锻炼（室外活动）大于30min么（或3h/周)？=1.0,0.0
衰弱快速筛查量表-3您每天体育锻炼（室外活动）大于30min么（或3h/周)？=0.0,0.0
衰弱快速筛查量表-2您能提10斤重物么？=Missing,0.0
衰弱快速筛查量表-2您能提10斤重物么？=1.0,0.0
Fried衰弱表型评估-①散步=1.0,0.0
慢病症状-尿失禁=1.0,0.0
Fried衰弱表型评估-2)您每天体育锻炼（室外活动）大于30min么（或3h/周)？=1.0,0.0
Fried衰弱表型评估-2)您每天体育锻炼（室外活动）大于30min么（或3h/周)？=0.0,0.0
Fried衰弱表型评估-5)测量时的体位？=Missing,0.0
Fried衰弱表型评估-5)测量时的体位？=3.0,0.0
Fried衰弱表型评估-5)测量时的体位？=2.0,0.0
Fried衰弱表型评估-5)测量时的体位？=1.0,0.0
Fried衰弱表型评估-2)习惯用手=Missing,0.0
Fried衰弱表型评估-2)习惯用手=2.0,0.0
Fried衰弱表型评估-1)在过去的6个月里，您的一只手或双手有没有做过手术或者发生任何肿胀、发炎、严重疼痛或受伤？=Missing,0.0
Fried衰弱表型评估-1)在过去的6个月里，您的一只手或双手有没有做过手术或者发生任何肿胀、发炎、严重疼痛或受伤？=4.0,0.0
Fried衰弱表型评估-1)在过去的6个月里，您的一只手或双手有没有做过手术或者发生任何肿胀、发炎、严重疼痛或受伤？=3.0,0.0
Fried衰弱表型评估-1)在过去的6个月里，您的一只手或双手有没有做过手术或者发生任何肿胀、发炎、严重疼痛或受伤？=2.0,0.0
Fried衰弱表型评估-3)是否完成4米行走:=Other,0.0
自我感觉嗅觉=一般,0.0
衰弱快速筛查量表-2您能提10斤重物么？=0.0,0.0
